locality,day,date,treat,sleeper,hut,week,vrex_ufl,vrex_bfl,vrex_grl,vrex_bfl_grl,vrex_ufd,vrex_bfd,vrex_grd,vrex_bfd_grd,room_ufl,room_bfl,room_grl,room_bfl_grl,room_ufd,room_bfd,room_grd,room_bfd_grd,net_ufl,net_bfl,net_grl,locality2,day2,date2,treat2,sleeper2,hut2,net_bfl_grl,net_ufd,net_bfd,net_grd,net_bfd_grd,unf_live,unf_dead,bf_live,bf_dead,gr_live,gr_dead,bf_gr_live,bf_gr_dead,tot_unf,tot_bf,tot_gr,tot_bf_gr,tot_live,tot_dead,tot_exop,total
Tengrela,1,08.09.2014,Control,TEN-S1,TEN-H1,1,0,0,0,0,0,0,0,0,0,0,0,0,0,0,0,0,0,0,0,Tengrela,1,08.09.2014,Control,TEN-S1,TEN-H1,0,0,0,0,0,0,0,0,0,0,0,0,0,0,0,0,0,0,0,0,0
Tengrela,2,09.09.2014,Control,TEN-S6,TEN-H1,1,2,0,1,1,0,0,0,0,0,1,0,1,0,0,0,0,0,0,0,Tengrela,2,09.09.2014,Control,TEN-S6,TEN-H1,0,0,0,0,0,2,0,1,0,1,0,2,0,2,1,1,2,4,0,3,4
Tengrela,3,10.09.2014,Control,TEN-S5,TEN-H1,1,0,1,0,1,0,0,0,0,3,2,0,2,0,0,0,0,0,2,0,Tengrela,3,10.09.2014,Control,TEN-S5,TEN-H1,2,0,0,0,0,3,0,5,0,0,0,5,0,3,5,0,5,8,0,1,8
Tengrela,4,11.09.2014,Control,TEN-S4,TEN-H1,1,1,0,0,0,0,0,0,0,19,7,0,7,2,0,0,0,0,2,0,Tengrela,4,11.09.2014,Control,TEN-S4,TEN-H1,2,1,0,0,0,20,3,9,0,0,0,9,0,23,9,0,9,29,3,1,32
Tengrela,5,21.10.2014,Control,TEN-S3,TEN-H1,1,2,1,0,1,1,0,0,0,3,3,0,3,0,0,1,1,0,6,0,Tengrela,5,21.10.2014,Control,TEN-S3,TEN-H1,6,0,0,0,0,5,1,10,0,0,1,10,1,6,10,1,11,15,2,4,17
Tengrela,6,13.09.2014,Control,TEN-S2,TEN-H1,1,4,6,6,12,0,0,0,0,8,2,1,3,0,0,0,0,0,0,0,Tengrela,6,13.09.2014,Control,TEN-S2,TEN-H1,0,0,0,0,0,12,0,8,0,7,0,15,0,12,8,7,15,27,0,16,27
Tengrela,7,15.09.2014,Control,TEN-S2,TEN-H2,2,3,0,0,0,0,0,0,0,5,3,0,3,0,0,0,0,0,0,0,Tengrela,7,15.09.2014,Control,TEN-S2,TEN-H2,0,0,0,0,0,8,0,3,0,0,0,3,0,8,3,0,3,11,0,3,11
Tengrela,8,16.09.2014,Control,TEN-S1,TEN-H2,2,8,0,0,0,0,0,0,0,26,4,0,4,0,0,0,0,0,0,0,Tengrela,8,16.09.2014,Control,TEN-S1,TEN-H2,0,0,0,0,0,34,0,4,0,0,0,4,0,34,4,0,4,38,0,8,38
Tengrela,9,17.09.2014,Control,TEN-S6,TEN-H2,2,1,3,0,3,3,1,0,1,1,0,0,0,1,0,0,0,0,0,0,Tengrela,9,17.09.2014,Control,TEN-S6,TEN-H2,0,0,0,0,0,2,4,3,1,0,0,3,1,6,4,0,4,5,5,8,10
Tengrela,10,18.09.2014,Control,TEN-S5,TEN-H2,2,1,0,0,0,3,0,0,0,1,3,0,3,0,0,0,0,1,5,0,Tengrela,10,18.09.2014,Control,TEN-S5,TEN-H2,5,1,0,0,0,3,4,8,0,0,0,8,0,7,8,0,8,11,4,4,15
Tengrela,11,19.09.2014,Control,TEN-S4,TEN-H2,2,3,1,0,1,1,0,0,0,7,1,0,1,1,1,0,1,1,1,0,Tengrela,11,19.09.2014,Control,TEN-S4,TEN-H2,1,0,0,0,0,11,2,3,1,0,0,3,1,13,4,0,4,14,3,5,17
Tengrela,12,20.09.2014,Control,TEN-S3,TEN-H2,2,0,6,1,7,1,0,0,0,0,0,0,0,0,0,0,0,0,2,0,Tengrela,12,20.09.2014,Control,TEN-S3,TEN-H2,2,0,0,0,0,0,1,8,0,1,0,9,0,1,8,1,9,9,1,8,10
Tengrela,13,22.09.2014,Control,TEN-S4,TEN-H4,3,0,0,0,0,0,0,0,0,0,1,0,1,0,0,0,0,0,0,0,Tengrela,13,22.09.2014,Control,TEN-S4,TEN-H4,0,0,0,0,0,0,0,1,0,0,0,1,0,0,1,0,1,1,0,0,1
Tengrela,14,22.10.2014,Control,TEN-S3,TEN-H4,3,0,0,0,0,0,0,0,0,3,0,0,0,0,0,0,0,0,1,0,Tengrela,14,22.10.2014,Control,TEN-S3,TEN-H4,1,0,0,0,0,3,0,1,0,0,0,1,0,3,1,0,1,4,0,0,4
Tengrela,15,24.09.2014,Control,TEN-S2,TEN-H4,3,1,0,0,0,0,0,0,0,2,3,0,3,1,0,0,0,0,1,0,Tengrela,15,24.09.2014,Control,TEN-S2,TEN-H4,1,2,0,0,0,3,3,4,0,0,0,4,0,6,4,0,4,7,3,1,10
Tengrela,16,25.09.2014,Control,TEN-S1,TEN-H4,3,6,0,0,0,0,0,0,0,7,3,0,3,1,0,0,0,0,0,0,Tengrela,16,25.09.2014,Control,TEN-S1,TEN-H4,0,0,0,0,0,13,1,3,0,0,0,3,0,14,3,0,3,16,1,6,17
Tengrela,17,26.09.2014,Control,TEN-S6,TEN-H4,3,1,0,0,0,1,0,0,0,9,2,2,4,0,0,0,0,0,0,0,Tengrela,17,26.09.2014,Control,TEN-S6,TEN-H4,0,0,0,0,0,10,1,2,0,2,0,4,0,11,2,2,4,14,1,2,15
Tengrela,18,27.09.2014,Control,TEN-S5,TEN-H4,3,0,0,0,0,1,0,0,0,1,4,0,4,0,0,0,0,0,0,0,Tengrela,18,27.09.2014,Control,TEN-S5,TEN-H4,0,0,0,0,0,1,1,4,0,0,0,4,0,2,4,0,4,5,1,1,6
Tengrela,19,30.09.2014,Control,TEN-S5,TEN-H5,4,3,0,0,0,0,0,0,0,2,1,5,6,0,0,0,0,0,0,0,Tengrela,19,30.09.2014,Control,TEN-S5,TEN-H5,0,0,0,0,0,5,0,1,0,5,0,6,0,5,1,5,6,11,0,3,11
Tengrela,20,01.10.2014,Control,TEN-S4,TEN-H5,4,1,2,0,2,0,0,0,0,11,7,0,7,1,0,0,0,0,0,0,Tengrela,20,01.10.2014,Control,TEN-S4,TEN-H5,0,0,0,0,0,12,1,9,0,0,0,9,0,13,9,0,9,21,1,3,22
Tengrela,21,02.10.2014,Control,TEN-S3,TEN-H5,4,7,2,0,2,0,0,0,0,3,1,0,1,0,1,0,1,0,2,0,Tengrela,21,02.10.2014,Control,TEN-S3,TEN-H5,2,0,0,0,0,10,0,5,1,0,0,5,1,10,6,0,6,15,1,9,16
Tengrela,22,03.10.2014,Control,TEN-S2,TEN-H5,4,2,0,1,1,0,0,0,0,0,7,0,7,3,0,0,0,0,0,0,Tengrela,22,03.10.2014,Control,TEN-S2,TEN-H5,0,0,0,0,0,2,3,7,0,1,0,8,0,5,7,1,8,10,3,3,13
Tengrela,23,06.10.2014,Control,TEN-S1,TEN-H5,4,3,1,0,1,2,0,0,0,10,4,0,4,0,0,0,0,0,0,0,Tengrela,23,06.10.2014,Control,TEN-S1,TEN-H5,0,0,0,0,0,13,2,5,0,0,0,5,0,15,5,0,5,18,2,6,20
Tengrela,24,07.10.2014,Control,TEN-S6,TEN-H5,4,0,0,0,0,0,0,0,0,2,0,0,0,1,0,0,0,0,0,0,Tengrela,24,07.10.2014,Control,TEN-S6,TEN-H5,0,0,0,0,0,2,1,0,0,0,0,0,0,3,0,0,0,2,1,0,3
Tengrela,25,08.10.2014,Control,TEN-S3,TEN-H3,5,0,1,0,1,0,0,0,0,7,19,1,20,1,0,0,0,0,15,0,Tengrela,25,08.10.2014,Control,TEN-S3,TEN-H3,15,0,0,0,0,7,1,35,0,1,0,36,0,8,35,1,36,43,1,1,44
Tengrela,26,09.10.2014,Control,TEN-S2,TEN-H3,5,0,5,0,5,1,1,0,1,0,6,0,6,0,0,0,0,0,0,0,Tengrela,26,09.10.2014,Control,TEN-S2,TEN-H3,0,1,0,0,0,0,2,11,1,0,0,11,1,2,12,0,12,11,3,7,14
Tengrela,27,10.10.2014,Control,TEN-S1,TEN-H3,5,2,1,2,3,0,0,0,0,11,1,1,2,0,0,0,0,0,0,0,Tengrela,27,10.10.2014,Control,TEN-S1,TEN-H3,0,0,0,0,0,13,0,2,0,3,0,5,0,13,2,3,5,18,0,5,18
Tengrela,28,11.10.2014,Control,TEN-S6,TEN-H3,5,0,6,0,6,0,0,0,0,0,8,0,8,0,0,0,0,0,0,0,Tengrela,28,11.10.2014,Control,TEN-S6,TEN-H3,0,0,0,0,0,0,0,14,0,0,0,14,0,0,14,0,14,14,0,6,14
Tengrela,29,13.10.2014,Control,TEN-S5,TEN-H3,5,1,1,0,1,0,0,0,0,0,3,0,3,0,0,0,0,0,0,0,Tengrela,29,13.10.2014,Control,TEN-S5,TEN-H3,0,0,0,0,0,1,0,4,0,0,0,4,0,1,4,0,4,5,0,2,5
Tengrela,30,14.10.2014,Control,TEN-S4,TEN-H3,5,0,0,0,0,0,0,0,0,2,8,0,8,0,0,0,0,1,4,0,Tengrela,30,14.10.2014,Control,TEN-S4,TEN-H3,4,0,0,0,0,3,0,12,0,0,0,12,0,3,12,0,12,15,0,0,15
Tengrela,31,15.10.2014,Control,TEN-S6,TEN-H6,6,1,0,0,0,0,0,0,0,0,4,0,4,0,0,0,0,0,0,0,Tengrela,31,15.10.2014,Control,TEN-S6,TEN-H6,0,0,0,0,0,1,0,4,0,0,0,4,0,1,4,0,4,5,0,1,5
Tengrela,32,16.10.2014,Control,TEN-S5,TEN-H6,6,1,1,0,1,0,0,0,0,1,7,0,7,0,1,0,1,0,3,0,Tengrela,32,16.10.2014,Control,TEN-S5,TEN-H6,3,0,0,0,0,2,0,11,1,0,0,11,1,2,12,0,12,13,1,2,14
Tengrela,33,17.10.2014,Control,TEN-S4,TEN-H6,6,3,2,1,3,0,0,0,0,3,1,1,2,0,0,0,0,0,0,0,Tengrela,33,17.10.2014,Control,TEN-S4,TEN-H6,0,0,0,0,0,6,0,3,0,2,0,5,0,6,3,2,5,11,0,6,11
Tengrela,34,18.10.2014,Control,TEN-S3,TEN-H6,6,0,0,0,0,0,0,0,0,0,1,0,1,1,0,0,0,0,3,0,Tengrela,34,18.10.2014,Control,TEN-S3,TEN-H6,3,0,0,0,0,0,1,4,0,0,0,4,0,1,4,0,4,4,1,0,5
Tengrela,35,19.10.2014,Control,TEN-S2,TEN-H6,6,0,0,0,0,0,0,0,0,0,2,0,2,0,0,0,0,0,0,0,Tengrela,35,19.10.2014,Control,TEN-S2,TEN-H6,0,0,0,0,0,0,0,2,0,0,0,2,0,0,2,0,2,2,0,0,2
Tengrela,36,20.10.2014,Control,TEN-S1,TEN-H6,6,1,0,0,0,0,0,0,0,1,5,0,5,1,0,0,0,0,0,0,Tengrela,36,20.10.2014,Control,TEN-S1,TEN-H6,0,0,0,0,0,2,1,5,0,0,0,5,0,3,5,0,5,7,1,1,8
Tengrela,1,08.09.2014,Olyset Net,TEN-S3,TEN-H3,1,0,0,0,0,0,1,0,1,2,12,0,12,1,0,0,0,0,0,0,Tengrela,1,08.09.2014,Olyset Net,TEN-S3,TEN-H3,0,1,1,0,1,2,2,12,2,0,0,12,2,4,14,0,14,14,4,1,18
Tengrela,2,09.09.2014,Olyset Net,TEN-S2,TEN-H3,1,1,0,0,0,1,0,0,0,1,0,0,0,1,0,0,0,0,0,0,Tengrela,2,09.09.2014,Olyset Net,TEN-S2,TEN-H3,0,0,0,0,0,2,2,0,0,0,0,0,0,4,0,0,0,2,2,2,4
Tengrela,3,10.09.2014,Olyset Net,TEN-S1,TEN-H3,1,0,0,0,0,0,0,0,0,1,1,0,1,0,0,0,0,0,1,0,Tengrela,3,10.09.2014,Olyset Net,TEN-S1,TEN-H3,1,0,0,0,0,1,0,2,0,0,0,2,0,1,2,0,2,3,0,0,3
Tengrela,4,11.09.2014,Olyset Net,TEN-S6,TEN-H3,1,1,4,0,4,2,0,0,0,20,4,3,7,2,2,0,2,0,0,0,Tengrela,4,11.09.2014,Olyset Net,TEN-S6,TEN-H3,0,0,0,0,0,21,4,8,2,3,0,11,2,25,10,3,13,32,6,7,38
Tengrela,5,21.10.2014,Olyset Net,TEN-S5,TEN-H3,1,1,0,0,0,0,0,0,0,2,1,0,1,0,0,0,0,0,0,0,Tengrela,5,21.10.2014,Olyset Net,TEN-S5,TEN-H3,0,0,0,0,0,3,0,1,0,0,0,1,0,3,1,0,1,4,0,1,4
Tengrela,6,13.09.2014,Olyset Net,TEN-S4,TEN-H3,1,8,2,4,6,2,0,0,0,7,1,0,1,0,0,0,0,0,0,0,Tengrela,6,13.09.2014,Olyset Net,TEN-S4,TEN-H3,0,0,0,0,0,15,2,3,0,4,0,7,0,17,3,4,7,22,2,16,24
Tengrela,7,15.09.2014,Olyset Net,TEN-S4,TEN-H4,2,5,0,0,0,7,0,0,0,1,4,0,4,0,0,0,0,0,0,0,Tengrela,7,15.09.2014,Olyset Net,TEN-S4,TEN-H4,0,2,0,0,0,6,9,4,0,0,0,4,0,15,4,0,4,10,9,12,19
Tengrela,8,16.09.2014,Olyset Net,TEN-S3,TEN-H4,2,5,0,0,0,0,0,0,0,7,0,0,0,0,0,0,0,0,2,0,Tengrela,8,16.09.2014,Olyset Net,TEN-S3,TEN-H4,2,0,0,0,0,12,0,2,0,0,0,2,0,12,2,0,2,14,0,5,14
Tengrela,9,17.09.2014,Olyset Net,TEN-S2,TEN-H4,2,1,3,0,3,1,0,0,0,2,1,0,1,1,0,0,0,0,0,0,Tengrela,9,17.09.2014,Olyset Net,TEN-S2,TEN-H4,0,0,0,0,0,3,2,4,0,0,0,4,0,5,4,0,4,7,2,5,9
Tengrela,10,18.09.2014,Olyset Net,TEN-S1,TEN-H4,2,4,3,1,4,7,2,0,2,7,8,4,12,10,5,0,5,0,0,0,Tengrela,10,18.09.2014,Olyset Net,TEN-S1,TEN-H4,0,0,0,0,0,11,17,11,7,5,0,16,7,28,18,5,23,27,24,17,51
Tengrela,11,19.09.2014,Olyset Net,TEN-S6,TEN-H4,2,1,2,0,2,1,0,0,0,1,0,0,0,0,0,0,0,0,0,0,Tengrela,11,19.09.2014,Olyset Net,TEN-S6,TEN-H4,0,1,0,0,0,2,2,2,0,0,0,2,0,4,2,0,2,4,2,4,6
Tengrela,12,20.09.2014,Olyset Net,TEN-S5,TEN-H4,2,3,0,0,0,2,0,0,0,4,3,0,3,0,0,0,0,0,0,0,Tengrela,12,20.09.2014,Olyset Net,TEN-S5,TEN-H4,0,0,0,0,0,7,2,3,0,0,0,3,0,9,3,0,3,10,2,5,12
Tengrela,13,22.09.2014,Olyset Net,TEN-S6,TEN-H6,3,2,2,0,2,0,0,0,0,1,0,0,0,2,0,0,0,0,1,0,Tengrela,13,22.09.2014,Olyset Net,TEN-S6,TEN-H6,1,0,0,0,0,3,2,3,0,0,0,3,0,5,3,0,3,6,2,4,8
Tengrela,14,22.10.2014,Olyset Net,TEN-S5,TEN-H6,3,2,0,0,0,0,0,0,0,2,3,0,3,0,0,0,0,0,0,0,Tengrela,14,22.10.2014,Olyset Net,TEN-S5,TEN-H6,0,0,0,0,0,4,0,3,0,0,0,3,0,4,3,0,3,7,0,2,7
Tengrela,15,24.09.2014,Olyset Net,TEN-S4,TEN-H6,3,28,0,0,0,2,0,0,0,16,8,0,8,14,2,0,2,0,0,0,Tengrela,15,24.09.2014,Olyset Net,TEN-S4,TEN-H6,0,2,2,0,2,44,18,8,4,0,0,8,4,62,12,0,12,52,22,30,74
Tengrela,16,25.09.2014,Olyset Net,TEN-S3,TEN-H6,3,29,5,1,6,8,0,0,0,34,6,0,6,20,1,0,1,0,10,0,Tengrela,16,25.09.2014,Olyset Net,TEN-S3,TEN-H6,10,0,0,0,0,63,28,21,1,1,0,22,1,91,22,1,23,85,29,43,114
Tengrela,17,26.09.2014,Olyset Net,TEN-S2,TEN-H6,3,3,0,0,0,1,0,1,1,0,0,0,0,0,0,0,0,0,0,0,Tengrela,17,26.09.2014,Olyset Net,TEN-S2,TEN-H6,0,0,0,0,0,3,1,0,0,0,1,0,1,4,0,1,1,3,2,5,5
Tengrela,18,27.09.2014,Olyset Net,TEN-S1,TEN-H6,3,23,5,1,6,1,0,0,0,24,4,0,4,3,4,0,4,5,22,0,Tengrela,18,27.09.2014,Olyset Net,TEN-S1,TEN-H6,22,0,4,0,4,52,4,31,8,1,0,32,8,56,39,1,40,84,12,30,96
Tengrela,19,30.09.2014,Olyset Net,TEN-S1,TEN-H1,4,3,1,2,3,0,1,0,1,10,6,3,9,0,1,0,1,0,0,0,Tengrela,19,30.09.2014,Olyset Net,TEN-S1,TEN-H1,0,0,0,0,0,13,0,7,2,5,0,12,2,13,9,5,14,25,2,7,27
Tengrela,20,01.10.2014,Olyset Net,TEN-S6,TEN-H1,4,3,1,0,1,0,0,0,0,11,9,0,9,5,3,1,4,0,0,0,Tengrela,20,01.10.2014,Olyset Net,TEN-S6,TEN-H1,0,0,0,0,0,14,5,10,3,0,1,10,4,19,13,1,14,24,9,4,33
Tengrela,21,02.10.2014,Olyset Net,TEN-S5,TEN-H1,4,15,0,0,0,4,0,0,0,23,5,0,5,4,1,0,1,0,1,0,Tengrela,21,02.10.2014,Olyset Net,TEN-S5,TEN-H1,1,5,1,0,1,38,13,6,2,0,0,6,2,51,8,0,8,44,15,19,59
Tengrela,22,03.10.2014,Olyset Net,TEN-S4,TEN-H1,4,18,3,0,3,3,1,0,1,6,9,0,9,4,0,0,0,0,0,0,Tengrela,22,03.10.2014,Olyset Net,TEN-S4,TEN-H1,0,0,0,0,0,24,7,12,1,0,0,12,1,31,13,0,13,36,8,25,44
Tengrela,23,06.10.2014,Olyset Net,TEN-S3,TEN-H1,4,4,1,0,1,0,0,0,0,14,16,0,16,1,1,0,1,0,10,0,Tengrela,23,06.10.2014,Olyset Net,TEN-S3,TEN-H1,10,2,2,0,2,18,3,27,3,0,0,27,3,21,30,0,30,45,6,5,51
Tengrela,24,07.10.2014,Olyset Net,TEN-S2,TEN-H1,4,0,0,1,1,0,0,1,1,4,0,2,2,0,0,0,0,0,0,0,Tengrela,24,07.10.2014,Olyset Net,TEN-S2,TEN-H1,0,0,1,0,1,4,0,0,1,3,1,3,2,4,1,4,5,7,2,2,9
Tengrela,25,08.10.2014,Olyset Net,TEN-S5,TEN-H5,5,4,0,0,0,0,0,0,0,4,3,0,3,0,0,0,0,0,0,0,Tengrela,25,08.10.2014,Olyset Net,TEN-S5,TEN-H5,0,0,0,0,0,8,0,3,0,0,0,3,0,8,3,0,3,11,0,4,11
Tengrela,26,09.10.2014,Olyset Net,TEN-S4,TEN-H5,5,7,1,0,1,1,0,0,0,1,8,0,8,0,0,0,0,0,0,0,Tengrela,26,09.10.2014,Olyset Net,TEN-S4,TEN-H5,0,0,0,0,0,8,1,9,0,0,0,9,0,9,9,0,9,17,1,9,18
Tengrela,27,10.10.2014,Olyset Net,TEN-S3,TEN-H5,5,33,1,1,2,3,0,0,0,26,0,1,1,1,0,0,0,0,3,0,Tengrela,27,10.10.2014,Olyset Net,TEN-S3,TEN-H5,3,0,1,0,1,59,4,4,1,2,0,6,1,63,5,2,7,65,5,38,70
Tengrela,28,11.10.2014,Olyset Net,TEN-S2,TEN-H5,5,0,0,0,0,0,0,0,0,5,2,0,2,0,1,0,1,0,0,0,Tengrela,28,11.10.2014,Olyset Net,TEN-S2,TEN-H5,0,1,1,0,1,5,1,2,2,0,0,2,2,6,4,0,4,7,3,0,10
Tengrela,29,13.10.2014,Olyset Net,TEN-S1,TEN-H5,5,5,0,0,0,0,0,0,0,4,4,0,4,1,0,0,0,0,0,0,Tengrela,29,13.10.2014,Olyset Net,TEN-S1,TEN-H5,0,0,0,0,0,9,1,4,0,0,0,4,0,10,4,0,4,13,1,5,14
Tengrela,30,14.10.2014,Olyset Net,TEN-S6,TEN-H5,5,2,3,0,3,0,1,0,1,0,8,2,10,0,0,0,0,0,0,0,Tengrela,30,14.10.2014,Olyset Net,TEN-S6,TEN-H5,0,0,1,0,1,2,0,11,2,2,0,13,2,2,13,2,15,15,2,6,17
Tengrela,31,15.10.2014,Olyset Net,TEN-S2,TEN-H2,6,0,0,0,0,1,0,0,0,0,2,0,2,0,0,0,0,0,0,0,Tengrela,31,15.10.2014,Olyset Net,TEN-S2,TEN-H2,0,0,0,0,0,0,1,2,0,0,0,2,0,1,2,0,2,2,1,1,3
Tengrela,32,16.10.2014,Olyset Net,TEN-S1,TEN-H2,6,2,1,0,1,2,0,0,0,2,3,0,3,0,0,0,0,0,0,0,Tengrela,32,16.10.2014,Olyset Net,TEN-S1,TEN-H2,0,0,0,0,0,4,2,4,0,0,0,4,0,6,4,0,4,8,2,5,10
Tengrela,33,17.10.2014,Olyset Net,TEN-S6,TEN-H2,6,1,3,0,3,0,1,0,1,0,2,0,2,0,0,0,0,0,0,0,Tengrela,33,17.10.2014,Olyset Net,TEN-S6,TEN-H2,0,0,0,0,0,1,0,5,1,0,0,5,1,1,6,0,6,6,1,5,7
Tengrela,34,18.10.2014,Olyset Net,TEN-S5,TEN-H2,6,2,1,0,1,0,0,0,0,4,2,0,2,0,0,0,0,0,0,0,Tengrela,34,18.10.2014,Olyset Net,TEN-S5,TEN-H2,0,0,0,0,0,6,0,3,0,0,0,3,0,6,3,0,3,9,0,3,9
Tengrela,35,19.10.2014,Olyset Net,TEN-S4,TEN-H2,6,3,0,0,0,0,0,0,0,7,1,1,2,1,0,0,0,0,0,0,Tengrela,35,19.10.2014,Olyset Net,TEN-S4,TEN-H2,0,0,0,0,0,10,1,1,0,1,0,2,0,11,1,1,2,12,1,3,13
Tengrela,36,20.10.2014,Olyset Net,TEN-S3,TEN-H2,6,0,0,0,0,0,0,0,0,5,2,0,2,0,0,0,0,1,3,0,Tengrela,36,20.10.2014,Olyset Net,TEN-S3,TEN-H2,3,0,0,0,0,6,0,5,0,0,0,5,0,6,5,0,5,11,0,0,11
Tengrela,1,08.09.2014,Olyset Plus,TEN-S6,TEN-H6,1,3,0,0,0,2,0,0,0,6,0,0,0,3,0,0,0,0,0,0,Tengrela,1,08.09.2014,Olyset Plus,TEN-S6,TEN-H6,0,3,0,0,0,9,8,0,0,0,0,0,0,17,0,0,0,9,8,5,17
Tengrela,2,09.09.2014,Olyset Plus,TEN-S5,TEN-H6,1,0,0,0,0,0,0,0,0,5,2,0,2,0,0,0,0,0,0,0,Tengrela,2,09.09.2014,Olyset Plus,TEN-S5,TEN-H6,0,2,0,0,0,5,2,2,0,0,0,2,0,7,2,0,2,7,2,0,9
Tengrela,3,10.09.2014,Olyset Plus,TEN-S4,TEN-H6,1,1,0,0,0,0,0,0,0,0,0,0,0,1,0,0,0,0,0,0,Tengrela,3,10.09.2014,Olyset Plus,TEN-S4,TEN-H6,0,0,1,0,1,1,1,0,1,0,0,0,1,2,1,0,1,1,2,1,3
Tengrela,4,11.09.2014,Olyset Plus,TEN-S3,TEN-H6,1,1,0,0,0,5,0,0,0,3,0,0,0,2,2,0,2,0,0,0,Tengrela,4,11.09.2014,Olyset Plus,TEN-S3,TEN-H6,0,5,0,0,0,4,12,0,2,0,0,0,2,16,2,0,2,4,14,6,18
Tengrela,5,21.10.2014,Olyset Plus,TEN-S2,TEN-H6,1,1,3,0,3,0,0,0,0,1,6,0,6,0,0,0,0,0,0,0,Tengrela,5,21.10.2014,Olyset Plus,TEN-S2,TEN-H6,0,0,0,0,0,2,0,9,0,0,0,9,0,2,9,0,9,11,0,4,11
Tengrela,6,13.09.2014,Olyset Plus,TEN-S1,TEN-H6,1,5,0,0,0,6,0,0,0,1,0,0,0,9,0,0,0,0,0,0,Tengrela,6,13.09.2014,Olyset Plus,TEN-S1,TEN-H6,0,0,0,0,0,6,15,0,0,0,0,0,0,21,0,0,0,6,15,11,21
Tengrela,7,15.09.2014,Olyset Plus,TEN-S3,TEN-H3,2,4,4,0,4,0,0,0,0,3,3,0,3,12,0,0,0,0,3,0,Tengrela,7,15.09.2014,Olyset Plus,TEN-S3,TEN-H3,3,0,0,0,0,7,12,10,0,0,0,10,0,19,10,0,10,17,12,8,29
Tengrela,8,16.09.2014,Olyset Plus,TEN-S2,TEN-H3,2,0,0,0,0,0,0,0,0,2,0,0,0,1,0,0,0,0,0,0,Tengrela,8,16.09.2014,Olyset Plus,TEN-S2,TEN-H3,0,0,0,0,0,2,1,0,0,0,0,0,0,3,0,0,0,2,1,0,3
Tengrela,9,17.09.2014,Olyset Plus,TEN-S1,TEN-H3,2,5,0,0,0,4,1,0,1,0,1,0,1,6,2,0,2,0,1,0,Tengrela,9,17.09.2014,Olyset Plus,TEN-S1,TEN-H3,1,1,1,0,1,5,11,2,4,0,0,2,4,16,6,0,6,7,15,10,22
Tengrela,10,18.09.2014,Olyset Plus,TEN-S6,TEN-H3,2,1,0,0,0,0,0,0,0,3,0,3,3,0,1,0,1,0,0,0,Tengrela,10,18.09.2014,Olyset Plus,TEN-S6,TEN-H3,0,0,0,0,0,4,0,0,1,3,0,3,1,4,1,3,4,7,1,1,8
Tengrela,11,19.09.2014,Olyset Plus,TEN-S5,TEN-H3,2,4,0,0,0,0,0,0,0,2,1,0,1,0,0,0,0,0,0,0,Tengrela,11,19.09.2014,Olyset Plus,TEN-S5,TEN-H3,0,0,0,0,0,6,0,1,0,0,0,1,0,6,1,0,1,7,0,4,7
Tengrela,12,20.09.2014,Olyset Plus,TEN-S4,TEN-H3,2,0,0,0,0,0,0,0,0,0,1,0,1,0,0,0,0,0,0,0,Tengrela,12,20.09.2014,Olyset Plus,TEN-S4,TEN-H3,0,0,0,0,0,0,0,1,0,0,0,1,0,0,1,0,1,1,0,0,1
Tengrela,13,22.09.2014,Olyset Plus,TEN-S5,TEN-H5,3,1,0,0,0,0,0,0,0,5,4,0,4,1,0,0,0,0,0,0,Tengrela,13,22.09.2014,Olyset Plus,TEN-S5,TEN-H5,0,0,0,0,0,6,1,4,0,0,0,4,0,7,4,0,4,10,1,1,11
Tengrela,14,22.10.2014,Olyset Plus,TEN-S4,TEN-H5,3,9,0,1,1,5,0,0,0,9,1,0,1,1,0,0,0,0,0,0,Tengrela,14,22.10.2014,Olyset Plus,TEN-S4,TEN-H5,0,0,0,0,0,18,6,1,0,1,0,2,0,24,1,1,2,20,6,15,26
Tengrela,15,24.09.2014,Olyset Plus,TEN-S3,TEN-H5,3,6,0,0,0,2,0,0,0,1,0,0,0,1,0,0,0,0,0,0,Tengrela,15,24.09.2014,Olyset Plus,TEN-S3,TEN-H5,0,1,1,0,1,7,4,0,1,0,0,0,1,11,1,0,1,7,5,8,12
Tengrela,16,25.09.2014,Olyset Plus,TEN-S2,TEN-H5,3,5,0,0,0,3,0,0,0,1,2,0,2,3,0,0,0,0,0,0,Tengrela,16,25.09.2014,Olyset Plus,TEN-S2,TEN-H5,0,1,0,0,0,6,7,2,0,0,0,2,0,13,2,0,2,8,7,8,15
Tengrela,17,26.09.2014,Olyset Plus,TEN-S1,TEN-H5,3,12,3,3,6,6,0,0,0,23,1,3,4,3,0,0,0,0,0,0,Tengrela,17,26.09.2014,Olyset Plus,TEN-S1,TEN-H5,0,1,0,0,0,35,10,4,0,6,0,10,0,45,4,6,10,45,10,24,55
Tengrela,18,27.09.2014,Olyset Plus,TEN-S6,TEN-H5,3,0,6,0,6,1,0,0,0,2,3,0,3,2,0,0,0,0,0,0,Tengrela,18,27.09.2014,Olyset Plus,TEN-S6,TEN-H5,0,0,0,0,0,2,3,9,0,0,0,9,0,5,9,0,9,11,3,7,14
Tengrela,19,30.09.2014,Olyset Plus,TEN-S4,TEN-H4,4,5,3,0,3,0,1,0,1,9,8,3,11,0,0,0,0,0,0,0,Tengrela,19,30.09.2014,Olyset Plus,TEN-S4,TEN-H4,0,0,0,0,0,14,0,11,1,3,0,14,1,14,12,3,15,28,1,9,29
Tengrela,20,01.10.2014,Olyset Plus,TEN-S3,TEN-H4,4,4,0,0,0,2,0,0,0,7,1,0,1,3,0,0,0,0,4,0,Tengrela,20,01.10.2014,Olyset Plus,TEN-S3,TEN-H4,4,0,0,0,0,11,5,5,0,0,0,5,0,16,5,0,5,16,5,6,21
Tengrela,21,02.10.2014,Olyset Plus,TEN-S2,TEN-H4,4,26,3,0,3,5,1,0,1,5,8,0,8,3,3,0,3,0,0,0,Tengrela,21,02.10.2014,Olyset Plus,TEN-S2,TEN-H4,0,1,3,0,3,31,9,11,7,0,0,11,7,40,18,0,18,42,16,35,58
Tengrela,22,03.10.2014,Olyset Plus,TEN-S1,TEN-H4,4,30,3,0,3,7,0,0,0,14,1,0,1,6,2,0,2,0,0,0,Tengrela,22,03.10.2014,Olyset Plus,TEN-S1,TEN-H4,0,3,1,0,1,44,16,4,3,0,0,4,3,60,7,0,7,48,19,40,67
Tengrela,23,06.10.2014,Olyset Plus,TEN-S6,TEN-H4,4,3,2,0,2,7,0,0,0,4,5,0,5,1,2,0,2,0,0,0,Tengrela,23,06.10.2014,Olyset Plus,TEN-S6,TEN-H4,0,0,2,0,2,7,8,7,4,0,0,7,4,15,11,0,11,14,12,12,26
Tengrela,24,07.10.2014,Olyset Plus,TEN-S5,TEN-H4,4,1,1,0,1,0,0,0,0,6,4,0,4,0,0,0,0,0,0,0,Tengrela,24,07.10.2014,Olyset Plus,TEN-S5,TEN-H4,0,0,0,0,0,7,0,5,0,0,0,5,0,7,5,0,5,12,0,2,12
Tengrela,25,08.10.2014,Olyset Plus,TEN-S2,TEN-H2,5,0,0,0,0,0,0,0,0,2,2,0,2,0,2,0,2,0,0,0,Tengrela,25,08.10.2014,Olyset Plus,TEN-S2,TEN-H2,0,0,0,0,0,2,0,2,2,0,0,2,2,2,4,0,4,4,2,0,6
Tengrela,26,09.10.2014,Olyset Plus,TEN-S1,TEN-H2,5,7,1,0,1,1,0,0,0,23,2,0,2,3,2,0,2,1,3,0,Tengrela,26,09.10.2014,Olyset Plus,TEN-S1,TEN-H2,3,0,0,0,0,31,4,6,2,0,0,6,2,35,8,0,8,37,6,9,43
Tengrela,27,10.10.2014,Olyset Plus,TEN-S6,TEN-H2,5,3,2,0,2,0,1,0,1,1,3,0,3,1,1,0,1,0,0,0,Tengrela,27,10.10.2014,Olyset Plus,TEN-S6,TEN-H2,0,1,0,0,0,4,2,5,2,0,0,5,2,6,7,0,7,9,4,6,13
Tengrela,28,11.10.2014,Olyset Plus,TEN-S5,TEN-H2,5,0,0,0,0,0,0,0,0,1,4,0,4,0,0,0,0,0,0,0,Tengrela,28,11.10.2014,Olyset Plus,TEN-S5,TEN-H2,0,0,0,0,0,1,0,4,0,0,0,4,0,1,4,0,4,5,0,0,5
Tengrela,29,13.10.2014,Olyset Plus,TEN-S4,TEN-H2,5,5,1,1,2,1,0,0,0,6,1,0,1,0,0,0,0,0,0,0,Tengrela,29,13.10.2014,Olyset Plus,TEN-S4,TEN-H2,0,0,2,0,2,11,1,2,2,1,0,3,2,12,4,1,5,14,3,8,17
Tengrela,30,14.10.2014,Olyset Plus,TEN-S3,TEN-H2,5,0,0,0,0,0,0,0,0,1,4,1,5,1,0,0,0,0,3,0,Tengrela,30,14.10.2014,Olyset Plus,TEN-S3,TEN-H2,3,0,0,0,0,1,1,7,0,1,0,8,0,2,7,1,8,9,1,0,10
Tengrela,31,15.10.2014,Olyset Plus,TEN-S1,TEN-H1,6,10,3,0,3,2,0,0,0,8,9,1,10,1,2,0,2,0,0,0,Tengrela,31,15.10.2014,Olyset Plus,TEN-S1,TEN-H1,0,0,0,0,0,18,3,12,2,1,0,13,2,21,14,1,15,31,5,15,36
Tengrela,32,16.10.2014,Olyset Plus,TEN-S6,TEN-H1,6,2,0,0,0,0,0,0,0,3,6,0,6,0,0,0,0,0,0,0,Tengrela,32,16.10.2014,Olyset Plus,TEN-S6,TEN-H1,0,0,0,0,0,5,0,6,0,0,0,6,0,5,6,0,6,11,0,2,11
Tengrela,33,17.10.2014,Olyset Plus,TEN-S5,TEN-H1,6,1,0,0,0,2,0,0,0,2,2,0,2,0,1,0,1,0,0,0,Tengrela,33,17.10.2014,Olyset Plus,TEN-S5,TEN-H1,0,1,1,0,1,3,3,2,2,0,0,2,2,6,4,0,4,5,5,3,10
Tengrela,34,18.10.2014,Olyset Plus,TEN-S4,TEN-H1,6,6,0,0,0,1,0,0,0,9,4,0,4,0,0,0,0,0,0,0,Tengrela,34,18.10.2014,Olyset Plus,TEN-S4,TEN-H1,0,1,0,0,0,15,2,4,0,0,0,4,0,17,4,0,4,19,2,7,21
Tengrela,35,19.10.2014,Olyset Plus,TEN-S3,TEN-H1,6,2,0,0,0,0,0,0,0,5,0,0,0,2,0,0,0,0,3,0,Tengrela,35,19.10.2014,Olyset Plus,TEN-S3,TEN-H1,3,1,6,0,6,7,3,3,6,0,0,3,6,10,9,0,9,10,9,2,19
Tengrela,36,20.10.2014,Olyset Plus,TEN-S2,TEN-H1,6,0,0,0,0,0,0,0,0,2,3,0,3,4,0,0,0,0,0,0,Tengrela,36,20.10.2014,Olyset Plus,TEN-S2,TEN-H1,0,0,0,0,0,2,4,3,0,0,0,3,0,6,3,0,3,5,4,0,9
Tengrela,1,08.09.2014,PermaNet 2.0,TEN-S5,TEN-H5,1,0,0,0,0,0,0,0,0,2,0,0,0,0,0,0,0,0,0,0,Tengrela,1,08.09.2014,PermaNet 2.0,TEN-S5,TEN-H5,0,0,0,0,0,2,0,0,0,0,0,0,0,2,0,0,0,2,0,0,2
Tengrela,2,09.09.2014,PermaNet 2.0,TEN-S4,TEN-H5,1,1,2,0,2,0,0,0,0,6,8,2,10,1,0,0,0,0,4,0,Tengrela,2,09.09.2014,PermaNet 2.0,TEN-S4,TEN-H5,4,0,0,0,0,7,1,14,0,2,0,16,0,8,14,2,16,23,1,3,24
Tengrela,3,10.09.2014,PermaNet 2.0,TEN-S3,TEN-H5,1,5,1,0,1,2,0,0,0,11,0,0,0,3,0,0,0,1,9,0,Tengrela,3,10.09.2014,PermaNet 2.0,TEN-S3,TEN-H5,9,5,3,0,3,17,10,10,3,0,0,10,3,27,13,0,13,27,13,8,40
Tengrela,4,11.09.2014,PermaNet 2.0,TEN-S2,TEN-H5,1,1,0,0,0,1,0,0,0,0,0,0,0,0,0,0,0,0,1,0,Tengrela,4,11.09.2014,PermaNet 2.0,TEN-S2,TEN-H5,1,0,0,0,0,1,1,1,0,0,0,1,0,2,1,0,1,2,1,2,3
Tengrela,5,21.10.2014,PermaNet 2.0,TEN-S1,TEN-H5,1,15,3,0,3,3,0,0,0,12,4,0,4,2,0,0,0,0,0,0,Tengrela,5,21.10.2014,PermaNet 2.0,TEN-S1,TEN-H5,0,0,0,0,0,27,5,7,0,0,0,7,0,32,7,0,7,34,5,21,39
Tengrela,6,13.09.2014,PermaNet 2.0,TEN-S6,TEN-H5,1,3,0,0,0,0,0,0,0,22,0,0,0,0,0,0,0,0,0,0,Tengrela,6,13.09.2014,PermaNet 2.0,TEN-S6,TEN-H5,0,0,0,0,0,25,0,0,0,0,0,0,0,25,0,0,0,25,0,3,25
Tengrela,7,15.09.2014,PermaNet 2.0,TEN-S6,TEN-H6,2,0,0,0,0,1,0,0,0,0,0,0,0,2,0,0,0,0,0,0,Tengrela,7,15.09.2014,PermaNet 2.0,TEN-S6,TEN-H6,0,0,1,0,1,0,3,0,1,0,0,0,1,3,1,0,1,0,4,1,4
Tengrela,8,16.09.2014,PermaNet 2.0,TEN-S5,TEN-H6,2,1,1,0,1,0,0,0,0,1,3,0,3,1,0,0,0,0,0,0,Tengrela,8,16.09.2014,PermaNet 2.0,TEN-S5,TEN-H6,0,0,0,0,0,2,1,4,0,0,0,4,0,3,4,0,4,6,1,2,7
Tengrela,9,17.09.2014,PermaNet 2.0,TEN-S4,TEN-H6,2,5,4,0,4,0,0,0,0,10,3,0,3,0,0,0,0,0,0,0,Tengrela,9,17.09.2014,PermaNet 2.0,TEN-S4,TEN-H6,0,0,0,0,0,15,0,7,0,0,0,7,0,15,7,0,7,22,0,9,22
Tengrela,10,18.09.2014,PermaNet 2.0,TEN-S3,TEN-H6,2,2,0,1,1,5,0,0,0,10,4,3,7,12,0,0,0,0,1,1,Tengrela,10,18.09.2014,PermaNet 2.0,TEN-S3,TEN-H6,2,1,3,0,3,12,18,5,3,5,0,10,3,30,8,5,13,22,21,8,43
Tengrela,11,19.09.2014,PermaNet 2.0,TEN-S2,TEN-H6,2,0,0,0,0,3,0,0,0,0,1,0,1,1,0,0,0,0,1,0,Tengrela,11,19.09.2014,PermaNet 2.0,TEN-S2,TEN-H6,1,0,0,0,0,0,4,2,0,0,0,2,0,4,2,0,2,2,4,3,6
Tengrela,12,20.09.2014,PermaNet 2.0,TEN-S1,TEN-H6,2,3,1,0,1,1,0,0,0,5,2,1,3,3,0,0,0,0,0,0,Tengrela,12,20.09.2014,PermaNet 2.0,TEN-S1,TEN-H6,0,0,1,0,1,8,4,3,1,1,0,4,1,12,4,1,5,12,5,5,17
Tengrela,13,22.09.2014,PermaNet 2.0,TEN-S2,TEN-H2,3,0,0,0,0,0,0,0,0,0,1,0,1,0,0,0,0,0,0,0,Tengrela,13,22.09.2014,PermaNet 2.0,TEN-S2,TEN-H2,0,0,0,0,0,0,0,1,0,0,0,1,0,0,1,0,1,1,0,0,1
Tengrela,14,22.10.2014,PermaNet 2.0,TEN-S1,TEN-H2,3,0,0,0,0,0,0,0,0,11,5,0,5,2,1,0,1,0,0,0,Tengrela,14,22.10.2014,PermaNet 2.0,TEN-S1,TEN-H2,0,0,0,0,0,11,2,5,1,0,0,5,1,13,6,0,6,16,3,0,19
Tengrela,15,24.09.2014,PermaNet 2.0,TEN-S6,TEN-H2,3,3,0,0,0,1,0,0,0,1,9,0,9,1,0,0,0,0,0,0,Tengrela,15,24.09.2014,PermaNet 2.0,TEN-S6,TEN-H2,0,1,1,0,1,4,3,9,1,0,0,9,1,7,10,0,10,13,4,4,17
Tengrela,16,25.09.2014,PermaNet 2.0,TEN-S5,TEN-H2,3,1,0,1,1,8,0,0,0,11,1,1,2,3,0,0,0,1,5,0,Tengrela,16,25.09.2014,PermaNet 2.0,TEN-S5,TEN-H2,5,2,4,0,4,13,13,6,4,2,0,8,4,26,10,2,12,21,17,10,38
Tengrela,17,26.09.2014,PermaNet 2.0,TEN-S4,TEN-H2,3,7,0,0,0,1,0,0,0,6,15,0,15,0,0,0,0,0,0,0,Tengrela,17,26.09.2014,PermaNet 2.0,TEN-S4,TEN-H2,0,3,1,0,1,13,4,15,1,0,0,15,1,17,16,0,16,28,5,8,33
Tengrela,18,27.09.2014,PermaNet 2.0,TEN-S3,TEN-H2,3,7,1,0,1,2,1,0,1,12,5,0,5,3,1,0,1,0,12,0,Tengrela,18,27.09.2014,PermaNet 2.0,TEN-S3,TEN-H2,12,3,1,0,1,19,8,18,3,0,0,18,3,27,21,0,21,37,11,11,48
Tengrela,19,30.09.2014,PermaNet 2.0,TEN-S3,TEN-H3,4,0,0,0,0,0,0,0,0,0,0,0,0,0,0,0,0,0,1,0,Tengrela,19,30.09.2014,PermaNet 2.0,TEN-S3,TEN-H3,1,0,0,0,0,0,0,1,0,0,0,1,0,0,1,0,1,1,0,0,1
Tengrela,20,01.10.2014,PermaNet 2.0,TEN-S2,TEN-H3,4,9,0,0,0,1,0,0,0,12,1,0,1,1,0,0,0,9,14,0,Tengrela,20,01.10.2014,PermaNet 2.0,TEN-S2,TEN-H3,14,1,0,0,0,30,3,15,0,0,0,15,0,33,15,0,15,45,3,10,48
Tengrela,21,02.10.2014,PermaNet 2.0,TEN-S1,TEN-H3,4,20,17,0,17,5,2,0,2,18,18,0,18,9,1,0,1,0,0,0,Tengrela,21,02.10.2014,PermaNet 2.0,TEN-S1,TEN-H3,0,0,1,0,1,38,14,35,4,0,0,35,4,52,39,0,39,73,18,44,91
Tengrela,22,03.10.2014,PermaNet 2.0,TEN-S6,TEN-H3,4,0,3,0,3,1,1,0,1,3,13,0,13,2,1,1,2,0,0,0,Tengrela,22,03.10.2014,PermaNet 2.0,TEN-S6,TEN-H3,0,0,0,0,0,3,3,16,2,0,1,16,3,6,18,1,19,19,6,5,25
Tengrela,23,06.10.2014,PermaNet 2.0,TEN-S5,TEN-H3,4,0,3,0,3,0,1,1,2,1,6,0,6,0,0,0,0,0,4,0,Tengrela,23,06.10.2014,PermaNet 2.0,TEN-S5,TEN-H3,4,1,2,0,2,1,1,13,3,0,1,13,4,2,16,1,17,14,5,5,19
Tengrela,24,07.10.2014,PermaNet 2.0,TEN-S4,TEN-H3,4,1,6,0,6,0,1,0,1,7,20,0,20,0,1,0,1,0,0,0,Tengrela,24,07.10.2014,PermaNet 2.0,TEN-S4,TEN-H3,0,0,1,0,1,8,0,26,3,0,0,26,3,8,29,0,29,34,3,8,37
Tengrela,25,08.10.2014,PermaNet 2.0,TEN-S1,TEN-H1,5,5,3,0,3,0,0,0,0,7,16,0,16,1,0,0,0,0,8,0,Tengrela,25,08.10.2014,PermaNet 2.0,TEN-S1,TEN-H1,8,2,0,0,0,12,3,27,0,0,0,27,0,15,27,0,27,39,3,8,42
Tengrela,26,09.10.2014,PermaNet 2.0,TEN-S6,TEN-H1,5,1,1,1,2,0,1,0,1,5,11,3,14,0,1,0,1,0,0,0,Tengrela,26,09.10.2014,PermaNet 2.0,TEN-S6,TEN-H1,0,1,0,0,0,6,1,12,2,4,0,16,2,7,14,4,18,22,3,4,25
Tengrela,27,10.10.2014,PermaNet 2.0,TEN-S5,TEN-H1,5,3,3,0,3,1,0,0,0,5,10,0,10,2,1,0,1,1,2,0,Tengrela,27,10.10.2014,PermaNet 2.0,TEN-S5,TEN-H1,2,1,2,0,2,9,4,15,3,0,0,15,3,13,18,0,18,24,7,7,31
Tengrela,28,11.10.2014,PermaNet 2.0,TEN-S4,TEN-H1,5,5,3,0,3,2,1,0,1,6,2,0,2,3,0,0,0,0,0,0,Tengrela,28,11.10.2014,PermaNet 2.0,TEN-S4,TEN-H1,0,1,0,0,0,11,6,5,1,0,0,5,1,17,6,0,6,16,7,11,23
Tengrela,29,13.10.2014,PermaNet 2.0,TEN-S3,TEN-H1,5,9,4,0,4,0,0,0,0,13,6,0,6,0,0,0,0,0,7,0,Tengrela,29,13.10.2014,PermaNet 2.0,TEN-S3,TEN-H1,7,0,1,0,1,22,0,17,1,0,0,17,1,22,18,0,18,39,1,13,40
Tengrela,30,14.10.2014,PermaNet 2.0,TEN-S2,TEN-H1,5,7,0,0,0,1,0,0,0,2,3,0,3,3,2,0,2,0,0,0,Tengrela,30,14.10.2014,PermaNet 2.0,TEN-S2,TEN-H1,0,0,0,0,0,9,4,3,2,0,0,3,2,13,5,0,5,12,6,8,18
Tengrela,31,15.10.2014,PermaNet 2.0,TEN-S4,TEN-H4,6,5,4,0,4,6,0,0,0,3,15,0,15,0,0,0,0,0,0,0,Tengrela,31,15.10.2014,PermaNet 2.0,TEN-S4,TEN-H4,0,0,4,0,4,8,6,19,4,0,0,19,4,14,23,0,23,27,10,15,37
Tengrela,32,16.10.2014,PermaNet 2.0,TEN-S3,TEN-H4,6,2,4,0,4,0,0,0,0,1,0,0,0,1,0,0,0,0,0,0,Tengrela,32,16.10.2014,PermaNet 2.0,TEN-S3,TEN-H4,0,0,0,0,0,3,1,4,0,0,0,4,0,4,4,0,4,7,1,6,8
Tengrela,33,17.10.2014,PermaNet 2.0,TEN-S2,TEN-H4,6,1,0,0,0,0,0,0,0,3,2,0,2,0,0,0,0,0,0,0,Tengrela,33,17.10.2014,PermaNet 2.0,TEN-S2,TEN-H4,0,0,0,0,0,4,0,2,0,0,0,2,0,4,2,0,2,6,0,1,6
Tengrela,34,18.10.2014,PermaNet 2.0,TEN-S1,TEN-H4,6,6,1,0,1,1,1,0,1,1,0,0,0,0,0,0,0,0,0,0,Tengrela,34,18.10.2014,PermaNet 2.0,TEN-S1,TEN-H4,0,0,0,0,0,7,1,1,1,0,0,1,1,8,2,0,2,8,2,9,10
Tengrela,35,19.10.2014,PermaNet 2.0,TEN-S6,TEN-H4,6,0,0,0,0,0,0,0,0,1,2,1,3,1,0,0,0,0,0,0,Tengrela,35,19.10.2014,PermaNet 2.0,TEN-S6,TEN-H4,0,0,0,0,0,1,1,2,0,1,0,3,0,2,2,1,3,4,1,0,5
Tengrela,36,20.10.2014,PermaNet 2.0,TEN-S5,TEN-H4,6,1,0,0,0,2,0,0,0,2,0,0,0,0,0,0,0,0,0,0,Tengrela,36,20.10.2014,PermaNet 2.0,TEN-S5,TEN-H4,0,0,0,0,0,3,2,0,0,0,0,0,0,5,0,0,0,3,2,3,5
Tengrela,1,08.09.2014,PermaNet 3.0,TEN-S2,TEN-H2,1,0,0,0,0,5,0,0,0,1,1,0,1,2,0,0,0,0,0,0,Tengrela,1,08.09.2014,PermaNet 3.0,TEN-S2,TEN-H2,0,8,0,0,0,1,15,1,0,0,0,1,0,16,1,0,1,2,15,5,17
Tengrela,2,09.09.2014,PermaNet 3.0,TEN-S1,TEN-H2,1,0,1,0,1,0,0,0,0,0,0,0,0,2,0,0,0,0,0,0,Tengrela,2,09.09.2014,PermaNet 3.0,TEN-S1,TEN-H2,0,0,0,0,0,0,2,1,0,0,0,1,0,2,1,0,1,1,2,1,3
Tengrela,3,10.09.2014,PermaNet 3.0,TEN-S6,TEN-H2,1,0,0,0,0,1,0,0,0,1,2,0,2,0,0,0,0,0,0,0,Tengrela,3,10.09.2014,PermaNet 3.0,TEN-S6,TEN-H2,0,0,0,0,0,1,1,2,0,0,0,2,0,2,2,0,2,3,1,1,4
Tengrela,4,11.09.2014,PermaNet 3.0,TEN-S5,TEN-H2,1,5,2,0,2,0,0,0,0,11,2,3,5,0,0,0,0,1,0,0,Tengrela,4,11.09.2014,PermaNet 3.0,TEN-S5,TEN-H2,0,0,0,0,0,17,0,4,0,3,0,7,0,17,4,3,7,24,0,7,24
Tengrela,5,21.10.2014,PermaNet 3.0,TEN-S4,TEN-H2,1,0,0,0,0,0,0,0,0,2,1,0,1,1,0,0,0,0,0,0,Tengrela,5,21.10.2014,PermaNet 3.0,TEN-S4,TEN-H2,0,0,0,0,0,2,1,1,0,0,0,1,0,3,1,0,1,3,1,0,4
Tengrela,6,13.09.2014,PermaNet 3.0,TEN-S3,TEN-H2,1,5,1,1,2,1,0,0,0,27,2,1,3,8,2,1,3,0,3,0,Tengrela,6,13.09.2014,PermaNet 3.0,TEN-S3,TEN-H2,3,0,0,0,0,32,9,6,2,2,1,8,3,41,8,3,11,40,12,8,52
Tengrela,7,15.09.2014,PermaNet 3.0,TEN-S5,TEN-H5,2,0,0,0,0,0,0,0,0,0,0,0,0,2,0,0,0,0,0,0,Tengrela,7,15.09.2014,PermaNet 3.0,TEN-S5,TEN-H5,0,3,0,0,0,0,5,0,0,0,0,0,0,5,0,0,0,0,5,0,5
Tengrela,8,16.09.2014,PermaNet 3.0,TEN-S4,TEN-H5,2,6,0,0,0,1,0,0,0,7,1,0,1,0,0,0,0,0,0,0,Tengrela,8,16.09.2014,PermaNet 3.0,TEN-S4,TEN-H5,0,0,0,0,0,13,1,1,0,0,0,1,0,14,1,0,1,14,1,7,15
Tengrela,9,17.09.2014,PermaNet 3.0,TEN-S3,TEN-H5,2,0,0,0,0,0,0,0,0,1,2,0,2,2,0,0,0,0,0,0,Tengrela,9,17.09.2014,PermaNet 3.0,TEN-S3,TEN-H5,0,0,0,0,0,1,2,2,0,0,0,2,0,3,2,0,2,3,2,0,5
Tengrela,10,18.09.2014,PermaNet 3.0,TEN-S2,TEN-H5,2,0,0,1,1,2,0,3,3,2,0,12,12,8,0,1,1,0,0,0,Tengrela,10,18.09.2014,PermaNet 3.0,TEN-S2,TEN-H5,0,2,0,0,0,2,12,0,0,13,4,13,4,14,0,17,17,15,16,6,31
Tengrela,11,19.09.2014,PermaNet 3.0,TEN-S1,TEN-H5,2,5,0,0,0,3,0,0,0,6,4,0,4,5,1,0,1,0,0,0,Tengrela,11,19.09.2014,PermaNet 3.0,TEN-S1,TEN-H5,0,0,0,0,0,11,8,4,1,0,0,4,1,19,5,0,5,15,9,8,24
Tengrela,12,20.09.2014,PermaNet 3.0,TEN-S6,TEN-H5,2,2,1,0,1,0,0,0,0,32,0,3,3,0,0,0,0,0,0,0,Tengrela,12,20.09.2014,PermaNet 3.0,TEN-S6,TEN-H5,0,0,0,0,0,34,0,1,0,3,0,4,0,34,1,3,4,38,0,3,38
Tengrela,13,22.09.2014,PermaNet 3.0,TEN-S1,TEN-H1,3,6,0,0,0,6,0,0,0,1,0,0,0,27,3,0,3,0,0,0,Tengrela,13,22.09.2014,PermaNet 3.0,TEN-S1,TEN-H1,0,5,5,0,5,7,38,0,8,0,0,0,8,45,8,0,8,7,46,12,53
Tengrela,14,22.10.2014,PermaNet 3.0,TEN-S6,TEN-H1,3,1,0,0,0,0,0,0,0,0,1,1,2,0,0,0,0,0,0,0,Tengrela,14,22.10.2014,PermaNet 3.0,TEN-S6,TEN-H1,0,0,0,0,0,1,0,1,0,1,0,2,0,1,1,1,2,3,0,1,3
Tengrela,15,24.09.2014,PermaNet 3.0,TEN-S5,TEN-H1,3,1,0,0,0,2,0,0,0,5,0,0,0,3,0,0,0,0,0,0,Tengrela,15,24.09.2014,PermaNet 3.0,TEN-S5,TEN-H1,0,0,0,0,0,6,5,0,0,0,0,0,0,11,0,0,0,6,5,3,11
Tengrela,16,25.09.2014,PermaNet 3.0,TEN-S4,TEN-H1,3,22,1,0,1,11,0,0,0,8,1,0,1,6,0,0,0,0,0,0,Tengrela,16,25.09.2014,PermaNet 3.0,TEN-S4,TEN-H1,0,38,7,0,7,30,55,2,7,0,0,2,7,85,9,0,9,32,62,34,94
Tengrela,17,26.09.2014,PermaNet 3.0,TEN-S3,TEN-H1,3,11,6,0,6,22,4,1,5,3,9,0,9,15,5,0,5,0,3,0,Tengrela,17,26.09.2014,PermaNet 3.0,TEN-S3,TEN-H1,3,4,14,0,14,14,41,18,23,0,1,18,24,55,41,1,42,32,65,44,97
Tengrela,18,27.09.2014,PermaNet 3.0,TEN-S2,TEN-H1,3,0,0,0,0,1,0,0,0,1,0,0,0,1,0,0,0,0,0,0,Tengrela,18,27.09.2014,PermaNet 3.0,TEN-S2,TEN-H1,0,0,0,0,0,1,2,0,0,0,0,0,0,3,0,0,0,1,2,1,3
Tengrela,19,30.09.2014,PermaNet 3.0,TEN-S6,TEN-H6,4,0,2,0,2,1,0,0,0,0,0,0,0,7,1,0,1,0,0,0,Tengrela,19,30.09.2014,PermaNet 3.0,TEN-S6,TEN-H6,0,1,2,0,2,0,9,2,3,0,0,2,3,9,5,0,5,2,12,3,14
Tengrela,20,01.10.2014,PermaNet 3.0,TEN-S5,TEN-H6,4,2,0,0,0,5,1,0,1,4,0,0,0,5,1,0,1,0,0,0,Tengrela,20,01.10.2014,PermaNet 3.0,TEN-S5,TEN-H6,0,8,2,0,2,6,18,0,4,0,0,0,4,24,4,0,4,6,22,8,28
Tengrela,21,02.10.2014,PermaNet 3.0,TEN-S4,TEN-H6,4,17,3,0,3,5,0,0,0,2,4,0,4,3,0,0,0,0,0,0,Tengrela,21,02.10.2014,PermaNet 3.0,TEN-S4,TEN-H6,0,18,2,0,2,19,26,7,2,0,0,7,2,45,9,0,9,26,28,25,54
Tengrela,22,03.10.2014,PermaNet 3.0,TEN-S3,TEN-H6,4,2,0,0,0,5,0,0,0,5,0,0,0,2,0,0,0,0,0,0,Tengrela,22,03.10.2014,PermaNet 3.0,TEN-S3,TEN-H6,0,0,0,0,0,7,7,0,0,0,0,0,0,14,0,0,0,7,7,7,14
Tengrela,23,06.10.2014,PermaNet 3.0,TEN-S2,TEN-H6,4,0,0,0,0,1,1,0,1,0,2,0,2,0,0,0,0,0,0,0,Tengrela,23,06.10.2014,PermaNet 3.0,TEN-S2,TEN-H6,0,3,1,1,2,0,4,2,2,0,1,2,3,4,4,1,5,2,7,2,9
Tengrela,24,07.10.2014,PermaNet 3.0,TEN-S1,TEN-H6,4,1,1,0,1,4,2,0,2,2,4,0,4,12,2,0,2,0,0,0,Tengrela,24,07.10.2014,PermaNet 3.0,TEN-S1,TEN-H6,0,4,4,0,4,3,20,5,8,0,0,5,8,23,13,0,13,8,28,8,36
Tengrela,25,08.10.2014,PermaNet 3.0,TEN-S4,TEN-H4,5,6,0,0,0,1,0,0,0,6,3,0,3,3,0,0,0,0,0,0,Tengrela,25,08.10.2014,PermaNet 3.0,TEN-S4,TEN-H4,0,3,0,0,0,12,7,3,0,0,0,3,0,19,3,0,3,15,7,7,22
Tengrela,26,09.10.2014,PermaNet 3.0,TEN-S3,TEN-H4,5,10,2,0,2,1,0,0,0,11,6,1,7,0,1,0,1,2,2,0,Tengrela,26,09.10.2014,PermaNet 3.0,TEN-S3,TEN-H4,2,0,1,0,1,23,1,10,2,1,0,11,2,24,12,1,13,34,3,13,37
Tengrela,27,10.10.2014,PermaNet 3.0,TEN-S2,TEN-H4,5,0,0,0,0,0,0,0,0,1,0,2,2,0,0,0,0,0,0,0,Tengrela,27,10.10.2014,PermaNet 3.0,TEN-S2,TEN-H4,0,0,0,0,0,1,0,0,0,2,0,2,0,1,0,2,2,3,0,0,3
Tengrela,28,11.10.2014,PermaNet 3.0,TEN-S1,TEN-H4,5,7,1,0,1,0,0,0,0,6,2,2,4,1,0,0,0,0,0,0,Tengrela,28,11.10.2014,PermaNet 3.0,TEN-S1,TEN-H4,0,0,0,0,0,13,1,3,0,2,0,5,0,14,3,2,5,18,1,8,19
Tengrela,29,13.10.2014,PermaNet 3.0,TEN-S6,TEN-H4,5,1,1,0,1,0,0,0,0,2,2,0,2,0,0,0,0,0,0,0,Tengrela,29,13.10.2014,PermaNet 3.0,TEN-S6,TEN-H4,0,0,0,0,0,3,0,3,0,0,0,3,0,3,3,0,3,6,0,2,6
Tengrela,30,14.10.2014,PermaNet 3.0,TEN-S5,TEN-H4,5,1,1,0,1,0,0,0,0,1,3,1,4,1,1,0,1,0,0,0,Tengrela,30,14.10.2014,PermaNet 3.0,TEN-S5,TEN-H4,0,0,0,0,0,2,1,4,1,1,0,5,1,3,5,1,6,7,2,2,9
Tengrela,31,15.10.2014,PermaNet 3.0,TEN-S3,TEN-H3,6,3,1,0,1,0,0,0,0,3,0,0,0,0,0,0,0,0,1,0,Tengrela,31,15.10.2014,PermaNet 3.0,TEN-S3,TEN-H3,1,0,0,0,0,6,0,2,0,0,0,2,0,6,2,0,2,8,0,4,8
Tengrela,32,16.10.2014,PermaNet 3.0,TEN-S2,TEN-H3,6,0,0,0,0,0,0,0,0,1,1,0,1,0,0,0,0,0,0,0,Tengrela,32,16.10.2014,PermaNet 3.0,TEN-S2,TEN-H3,0,0,0,0,0,1,0,1,0,0,0,1,0,1,1,0,1,2,0,0,2
Tengrela,33,17.10.2014,PermaNet 3.0,TEN-S1,TEN-H3,6,7,1,0,1,1,0,0,0,7,1,0,1,2,2,0,2,0,0,0,Tengrela,33,17.10.2014,PermaNet 3.0,TEN-S1,TEN-H3,0,0,0,0,0,14,3,2,2,0,0,2,2,17,4,0,4,16,5,9,21
Tengrela,34,18.10.2014,PermaNet 3.0,TEN-S6,TEN-H3,6,0,2,0,2,2,0,0,0,0,2,0,2,0,1,0,1,0,0,0,Tengrela,34,18.10.2014,PermaNet 3.0,TEN-S6,TEN-H3,0,0,0,0,0,0,2,4,1,0,0,4,1,2,5,0,5,4,3,4,7
Tengrela,35,19.10.2014,PermaNet 3.0,TEN-S5,TEN-H3,6,5,1,0,1,0,0,0,0,4,1,0,1,0,0,0,0,0,0,0,Tengrela,35,19.10.2014,PermaNet 3.0,TEN-S5,TEN-H3,0,1,0,0,0,9,1,2,0,0,0,2,0,10,2,0,2,11,1,6,12
Tengrela,36,20.10.2014,PermaNet 3.0,TEN-S4,TEN-H3,6,2,3,0,3,0,0,0,0,2,3,0,3,0,1,0,1,0,0,0,Tengrela,36,20.10.2014,PermaNet 3.0,TEN-S4,TEN-H3,0,0,0,0,0,4,0,6,1,0,0,6,1,4,7,0,7,10,1,5,11
Tengrela,1,08.09.2014,DawaPlus,TEN-S4,TEN-H4,1,0,0,0,0,0,0,0,0,3,1,0,1,0,0,0,0,0,2,0,Tengrela,1,08.09.2014,DawaPlus,TEN-S4,TEN-H4,2,0,0,0,0,3,0,3,0,0,0,3,0,3,3,0,3,6,0,0,6
Tengrela,2,09.09.2014,DawaPlus,TEN-S3,TEN-H4,1,0,4,0,4,0,1,0,1,3,2,0,2,1,0,0,0,0,34,0,Tengrela,2,09.09.2014,DawaPlus,TEN-S3,TEN-H4,34,0,0,0,0,3,1,40,1,0,0,40,1,4,41,0,41,43,2,5,45
Tengrela,3,10.09.2014,DawaPlus,TEN-S2,TEN-H4,1,1,0,1,1,0,0,0,0,0,0,0,0,0,0,0,0,0,0,0,Tengrela,3,10.09.2014,DawaPlus,TEN-S2,TEN-H4,0,0,0,0,0,1,0,0,0,1,0,1,0,1,0,1,1,2,0,2,2
Tengrela,4,11.09.2014,DawaPlus,TEN-S1,TEN-H4,1,0,0,0,0,1,0,0,0,4,1,0,1,2,1,0,1,0,2,0,Tengrela,4,11.09.2014,DawaPlus,TEN-S1,TEN-H4,2,0,0,0,0,4,3,3,1,0,0,3,1,7,4,0,4,7,4,1,11
Tengrela,5,21.10.2014,DawaPlus,TEN-S6,TEN-H4,1,0,3,0,3,0,0,0,0,1,1,0,1,1,0,0,0,0,0,0,Tengrela,5,21.10.2014,DawaPlus,TEN-S6,TEN-H4,0,0,0,0,0,1,1,4,0,0,0,4,0,2,4,0,4,5,1,3,6
Tengrela,6,13.09.2014,DawaPlus,TEN-S5,TEN-H4,1,0,0,0,0,0,0,0,0,0,0,0,0,0,0,0,0,0,0,0,Tengrela,6,13.09.2014,DawaPlus,TEN-S5,TEN-H4,0,1,0,0,0,0,1,0,0,0,0,0,0,1,0,0,0,0,1,0,1
Tengrela,7,15.09.2014,DawaPlus,TEN-S1,TEN-H1,2,6,0,0,0,0,0,0,0,4,5,0,5,0,0,0,0,0,0,0,Tengrela,7,15.09.2014,DawaPlus,TEN-S1,TEN-H1,0,0,0,0,0,10,0,5,0,0,0,5,0,10,5,0,5,15,0,6,15
Tengrela,8,16.09.2014,DawaPlus,TEN-S6,TEN-H1,2,2,0,0,0,0,0,0,0,9,0,0,0,0,0,0,0,0,0,0,Tengrela,8,16.09.2014,DawaPlus,TEN-S6,TEN-H1,0,0,0,0,0,11,0,0,0,0,0,0,0,11,0,0,0,11,0,2,11
Tengrela,9,17.09.2014,DawaPlus,TEN-S5,TEN-H1,2,0,0,0,0,0,0,0,0,4,1,0,1,3,0,0,0,1,0,0,Tengrela,9,17.09.2014,DawaPlus,TEN-S5,TEN-H1,0,1,0,0,0,5,4,1,0,0,0,1,0,9,1,0,1,6,4,0,10
Tengrela,10,18.09.2014,DawaPlus,TEN-S4,TEN-H1,2,1,0,0,0,0,0,0,0,5,3,1,4,0,1,0,1,0,3,1,Tengrela,10,18.09.2014,DawaPlus,TEN-S4,TEN-H1,4,0,0,0,0,6,0,6,1,2,0,8,1,6,7,2,9,14,1,1,15
Tengrela,11,19.09.2014,DawaPlus,TEN-S3,TEN-H1,2,0,0,0,0,3,0,0,0,0,0,0,0,1,0,0,0,0,3,0,Tengrela,11,19.09.2014,DawaPlus,TEN-S3,TEN-H1,3,0,0,0,0,0,4,3,0,0,0,3,0,4,3,0,3,3,4,3,7
Tengrela,12,20.09.2014,DawaPlus,TEN-S2,TEN-H1,2,0,0,0,0,0,0,0,0,0,0,0,0,2,0,0,0,0,0,0,Tengrela,12,20.09.2014,DawaPlus,TEN-S2,TEN-H1,0,0,0,0,0,0,2,0,0,0,0,0,0,2,0,0,0,0,2,0,2
Tengrela,13,22.09.2014,DawaPlus,TEN-S3,TEN-H3,3,0,0,0,0,0,0,0,0,5,1,0,1,1,0,0,0,1,5,0,Tengrela,13,22.09.2014,DawaPlus,TEN-S3,TEN-H3,5,0,0,0,0,6,1,6,0,0,0,6,0,7,6,0,6,12,1,0,13
Tengrela,14,22.10.2014,DawaPlus,TEN-S2,TEN-H3,3,0,0,0,0,0,0,0,0,1,3,0,3,1,0,0,0,0,0,0,Tengrela,14,22.10.2014,DawaPlus,TEN-S2,TEN-H3,0,0,0,0,0,1,1,3,0,0,0,3,0,2,3,0,3,4,1,0,5
Tengrela,15,24.09.2014,DawaPlus,TEN-S1,TEN-H3,3,7,6,0,6,4,3,0,3,30,27,0,27,5,3,0,3,0,0,0,Tengrela,15,24.09.2014,DawaPlus,TEN-S1,TEN-H3,0,0,2,0,2,37,9,33,8,0,0,33,8,46,41,0,41,70,17,20,87
Tengrela,16,25.09.2014,DawaPlus,TEN-S6,TEN-H3,3,2,3,0,3,11,0,0,0,5,11,0,11,7,1,0,1,0,0,0,Tengrela,16,25.09.2014,DawaPlus,TEN-S6,TEN-H3,0,0,0,0,0,7,18,14,1,0,0,14,1,25,15,0,15,21,19,16,40
Tengrela,17,26.09.2014,DawaPlus,TEN-S5,TEN-H3,3,2,3,0,3,6,0,0,0,20,10,0,10,2,1,0,1,1,3,0,Tengrela,17,26.09.2014,DawaPlus,TEN-S5,TEN-H3,3,2,1,0,1,23,10,16,2,0,0,16,2,33,18,0,18,39,12,11,51
Tengrela,18,27.09.2014,DawaPlus,TEN-S4,TEN-H3,3,8,5,0,5,0,0,0,0,16,5,2,7,1,1,0,1,0,0,0,Tengrela,18,27.09.2014,DawaPlus,TEN-S4,TEN-H3,0,0,0,0,0,24,1,10,1,2,0,12,1,25,11,2,13,36,2,13,38
Tengrela,19,30.09.2014,DawaPlus,TEN-S2,TEN-H2,4,0,6,0,6,0,0,0,0,0,8,0,8,0,0,0,0,0,0,0,Tengrela,19,30.09.2014,DawaPlus,TEN-S2,TEN-H2,0,0,0,0,0,0,0,14,0,0,0,14,0,0,14,0,14,14,0,6,14
Tengrela,20,01.10.2014,DawaPlus,TEN-S1,TEN-H2,4,5,0,0,0,0,0,0,0,13,0,0,0,1,0,0,0,3,11,0,Tengrela,20,01.10.2014,DawaPlus,TEN-S1,TEN-H2,11,0,0,0,0,21,1,11,0,0,0,11,0,22,11,0,11,32,1,5,33
Tengrela,21,02.10.2014,DawaPlus,TEN-S6,TEN-H2,4,2,0,0,0,0,0,0,0,2,6,0,6,1,0,0,0,1,7,0,Tengrela,21,02.10.2014,DawaPlus,TEN-S6,TEN-H2,7,0,0,0,0,5,1,13,0,0,0,13,0,6,13,0,13,18,1,2,19
Tengrela,22,03.10.2014,DawaPlus,TEN-S5,TEN-H2,4,4,0,0,0,1,0,0,0,3,0,0,0,1,0,0,0,0,0,0,Tengrela,22,03.10.2014,DawaPlus,TEN-S5,TEN-H2,0,0,0,0,0,7,2,0,0,0,0,0,0,9,0,0,0,7,2,5,9
Tengrela,23,06.10.2014,DawaPlus,TEN-S4,TEN-H2,4,1,1,0,1,1,0,0,0,2,9,0,9,0,0,0,0,0,0,0,Tengrela,23,06.10.2014,DawaPlus,TEN-S4,TEN-H2,0,0,0,0,0,3,1,10,0,0,0,10,0,4,10,0,10,13,1,3,14
Tengrela,24,07.10.2014,DawaPlus,TEN-S3,TEN-H2,4,0,1,0,1,0,0,0,0,2,2,0,2,1,0,0,0,0,4,0,Tengrela,24,07.10.2014,DawaPlus,TEN-S3,TEN-H2,4,0,0,0,0,2,1,7,0,0,0,7,0,3,7,0,7,9,1,1,10
Tengrela,25,08.10.2014,DawaPlus,TEN-S6,TEN-H6,5,0,3,0,3,1,0,0,0,2,5,0,5,0,0,0,0,0,0,0,Tengrela,25,08.10.2014,DawaPlus,TEN-S6,TEN-H6,0,0,0,0,0,2,1,8,0,0,0,8,0,3,8,0,8,10,1,4,11
Tengrela,26,09.10.2014,DawaPlus,TEN-S5,TEN-H6,5,2,2,0,2,0,0,0,0,3,2,2,4,2,1,0,1,0,5,0,Tengrela,26,09.10.2014,DawaPlus,TEN-S5,TEN-H6,5,0,0,0,0,5,2,9,1,2,0,11,1,7,10,2,12,16,3,4,19
Tengrela,27,10.10.2014,DawaPlus,TEN-S4,TEN-H6,5,7,5,0,5,0,0,0,0,4,8,2,10,0,0,0,0,0,0,0,Tengrela,27,10.10.2014,DawaPlus,TEN-S4,TEN-H6,0,0,0,0,0,11,0,13,0,2,0,15,0,11,13,2,15,26,0,12,26
Tengrela,28,11.10.2014,DawaPlus,TEN-S3,TEN-H6,5,2,2,0,2,0,0,0,0,5,0,0,0,0,0,0,0,0,1,0,Tengrela,28,11.10.2014,DawaPlus,TEN-S3,TEN-H6,1,0,0,0,0,7,0,3,0,0,0,3,0,7,3,0,3,10,0,4,10
Tengrela,29,13.10.2014,DawaPlus,TEN-S2,TEN-H6,5,3,0,0,0,0,0,0,0,0,2,1,3,0,0,0,0,0,0,0,Tengrela,29,13.10.2014,DawaPlus,TEN-S2,TEN-H6,0,0,0,0,0,3,0,2,0,1,0,3,0,3,2,1,3,6,0,3,6
Tengrela,30,14.10.2014,DawaPlus,TEN-S1,TEN-H6,5,4,0,0,0,0,0,0,0,5,3,0,3,0,1,0,1,0,0,0,Tengrela,30,14.10.2014,DawaPlus,TEN-S1,TEN-H6,0,0,0,0,0,9,0,3,1,0,0,3,1,9,4,0,4,12,1,4,13
Tengrela,31,15.10.2014,DawaPlus,TEN-S5,TEN-H5,6,1,6,0,6,0,0,0,0,1,0,0,0,0,0,0,0,0,0,0,Tengrela,31,15.10.2014,DawaPlus,TEN-S5,TEN-H5,0,0,0,0,0,2,0,6,0,0,0,6,0,2,6,0,6,8,0,7,8
Tengrela,32,16.10.2014,DawaPlus,TEN-S4,TEN-H5,6,2,2,0,2,3,0,0,0,2,7,0,7,3,0,0,0,0,0,0,Tengrela,32,16.10.2014,DawaPlus,TEN-S4,TEN-H5,0,0,1,0,1,4,6,9,1,0,0,9,1,10,10,0,10,13,7,7,20
Tengrela,33,17.10.2014,DawaPlus,TEN-S3,TEN-H5,6,3,1,0,1,1,0,0,0,1,3,0,3,0,0,0,0,0,2,0,Tengrela,33,17.10.2014,DawaPlus,TEN-S3,TEN-H5,2,0,0,0,0,4,1,6,0,0,0,6,0,5,6,0,6,10,1,5,11
Tengrela,34,18.10.2014,DawaPlus,TEN-S2,TEN-H5,6,0,0,0,0,0,0,0,0,4,3,0,3,2,0,0,0,0,0,0,Tengrela,34,18.10.2014,DawaPlus,TEN-S2,TEN-H5,0,0,0,0,0,4,2,3,0,0,0,3,0,6,3,0,3,7,2,0,9
Tengrela,35,19.10.2014,DawaPlus,TEN-S1,TEN-H5,6,6,1,0,1,1,0,0,0,8,4,1,5,0,0,0,0,0,0,0,Tengrela,35,19.10.2014,DawaPlus,TEN-S1,TEN-H5,0,0,0,0,0,14,1,5,0,1,0,6,0,15,5,1,6,20,1,8,21
Tengrela,36,20.10.2014,DawaPlus,TEN-S6,TEN-H5,6,0,0,0,0,0,0,0,0,0,5,0,5,0,0,0,0,1,1,0,Tengrela,36,20.10.2014,DawaPlus,TEN-S6,TEN-H5,1,1,0,0,0,1,1,6,0,0,0,6,0,2,6,0,6,7,1,0,8
VK5,1,15.09.2014,Control,VK5-S1,VK5-H1,1,1,0,0,0,0,0,0,0,0,0,0,0,1,0,0,0,0,4,0,VK5,1,15.09.2014,Control,VK5-S1,VK5-H1,4,0,0,0,0,1,1,4,0,0,0,4,0,2,4,0,4,5,1,1,6
VK5,2,16.09.2014,Control,VK5-S6,VK5-H1,1,0,1,0,1,0,0,0,0,4,2,0,2,0,0,0,0,0,6,0,VK5,2,16.09.2014,Control,VK5-S6,VK5-H1,6,0,0,0,0,4,0,9,0,0,0,9,0,4,9,0,9,13,0,1,13
VK5,3,17.09.2014,Control,VK5-S5,VK5-H1,1,2,0,0,0,1,0,0,0,2,1,0,1,1,0,0,0,0,1,0,VK5,3,17.09.2014,Control,VK5-S5,VK5-H1,1,0,0,0,0,4,2,2,0,0,0,2,0,6,2,0,2,6,2,3,8
VK5,4,18.09.2014,Control,VK5-S4,VK5-H1,1,0,0,0,0,1,0,0,0,1,1,0,1,1,0,0,0,0,2,0,VK5,4,18.09.2014,Control,VK5-S4,VK5-H1,2,0,0,0,0,1,2,3,0,0,0,3,0,3,3,0,3,4,2,1,6
VK5,5,19.09.2014,Control,VK5-S3,VK5-H1,1,1,2,0,2,1,0,0,0,4,3,0,3,0,0,0,0,0,3,0,VK5,5,19.09.2014,Control,VK5-S3,VK5-H1,3,0,0,0,0,5,1,8,0,0,0,8,0,6,8,0,8,13,1,4,14
VK5,6,20.09.2014,Control,VK5-S2,VK5-H1,1,11,10,0,10,1,0,0,0,14,7,0,7,0,0,0,0,0,6,0,VK5,6,20.09.2014,Control,VK5-S2,VK5-H1,6,0,0,0,0,25,1,23,0,0,0,23,0,26,23,0,23,48,1,22,49
VK5,7,22.09.2014,Control,VK5-S2,VK5-H2,2,6,0,0,0,1,0,0,0,2,0,0,0,0,0,0,0,0,7,0,VK5,7,22.09.2014,Control,VK5-S2,VK5-H2,7,0,0,0,0,8,1,7,0,0,0,7,0,9,7,0,7,15,1,7,16
VK5,8,23.09.2014,Control,VK5-S1,VK5-H2,2,3,1,0,1,1,0,0,0,5,2,0,2,2,0,0,0,0,4,0,VK5,8,23.09.2014,Control,VK5-S1,VK5-H2,4,0,0,0,0,8,3,7,0,0,0,7,0,11,7,0,7,15,3,5,18
VK5,9,24.09.2014,Control,VK5-S6,VK5-H2,2,14,10,0,10,8,0,0,0,17,5,0,5,0,2,0,2,0,25,0,VK5,9,24.09.2014,Control,VK5-S6,VK5-H2,25,0,0,0,0,31,8,40,2,0,0,40,2,39,42,0,42,71,10,32,81
VK5,10,25.09.2014,Control,VK5-S5,VK5-H2,2,15,3,0,3,12,0,0,0,6,5,0,5,10,0,0,0,2,10,0,VK5,10,25.09.2014,Control,VK5-S5,VK5-H2,10,0,0,0,0,23,22,18,0,0,0,18,0,45,18,0,18,41,22,30,63
VK5,11,26.09.2014,Control,VK5-S4,VK5-H2,2,3,0,0,0,0,0,0,0,5,0,0,0,0,0,0,0,0,8,0,VK5,11,26.09.2014,Control,VK5-S4,VK5-H2,8,0,0,0,0,8,0,8,0,0,0,8,0,8,8,0,8,16,0,3,16
VK5,12,27.09.2014,Control,VK5-S3,VK5-H2,2,3,2,0,2,1,0,0,0,4,1,0,1,1,1,0,1,0,7,0,VK5,12,27.09.2014,Control,VK5-S3,VK5-H2,7,0,0,0,0,7,2,10,1,0,0,10,1,9,11,0,11,17,3,6,20
VK5,13,29.09.2014,Control,VK5-S4,VK5-H4,3,5,2,0,2,12,0,0,0,7,19,0,19,16,0,0,0,5,24,0,VK5,13,29.09.2014,Control,VK5-S4,VK5-H4,24,1,0,0,0,17,29,45,0,0,0,45,0,46,45,0,45,62,29,19,91
VK5,14,30.09.2014,Control,VK5-S3,VK5-H4,3,2,4,0,4,4,0,0,0,2,1,0,1,2,0,0,0,0,5,0,VK5,14,30.09.2014,Control,VK5-S3,VK5-H4,5,0,0,0,0,4,6,10,0,0,0,10,0,10,10,0,10,14,6,10,20
VK5,15,01.10.2014,Control,VK5-S2,VK5-H4,3,5,4,0,4,12,1,0,1,7,7,0,7,4,0,0,0,1,18,0,VK5,15,01.10.2014,Control,VK5-S2,VK5-H4,18,0,0,0,0,13,16,29,1,0,0,29,1,29,30,0,30,42,17,22,59
VK5,16,02.10.2014,Control,VK5-S1,VK5-H4,3,7,1,0,1,3,0,0,0,8,2,0,2,0,0,0,0,0,2,0,VK5,16,02.10.2014,Control,VK5-S1,VK5-H4,2,0,0,0,0,15,3,5,0,0,0,5,0,18,5,0,5,20,3,11,23
VK5,17,03.10.2014,Control,VK5-S6,VK5-H4,3,2,5,0,5,6,0,0,0,11,11,0,11,3,0,0,0,0,27,0,VK5,17,03.10.2014,Control,VK5-S6,VK5-H4,27,0,0,0,0,13,9,43,0,0,0,43,0,22,43,0,43,56,9,13,65
VK5,18,07.10.2014,Control,VK5-S5,VK5-H4,3,0,0,0,0,0,0,0,0,1,5,0,5,2,0,0,0,0,4,0,VK5,18,07.10.2014,Control,VK5-S5,VK5-H4,4,0,0,0,0,1,2,9,0,0,0,9,0,3,9,0,9,10,2,0,12
VK5,19,08.10.2014,Control,VK5-S5,VK5-H5,4,1,0,0,0,9,0,0,0,11,2,0,2,6,0,0,0,1,8,0,VK5,19,08.10.2014,Control,VK5-S5,VK5-H5,8,0,0,0,0,13,15,10,0,0,0,10,0,28,10,0,10,23,15,10,38
VK5,20,09.10.2014,Control,VK5-S4,VK5-H5,4,0,2,0,2,11,0,0,0,1,1,0,1,4,0,0,0,0,9,0,VK5,20,09.10.2014,Control,VK5-S4,VK5-H5,9,0,0,0,0,1,15,12,0,0,0,12,0,16,12,0,12,13,15,13,28
VK5,21,10.10.2014,Control,VK5-S3,VK5-H5,4,5,2,0,2,8,0,0,0,1,10,0,10,6,0,0,0,0,18,0,VK5,21,10.10.2014,Control,VK5-S3,VK5-H5,18,0,1,0,1,6,14,30,1,0,0,30,1,20,31,0,31,36,15,15,51
VK5,22,11.10.2014,Control,VK5-S2,VK5-H5,4,0,0,0,0,1,0,0,0,1,0,0,0,1,0,0,0,0,4,0,VK5,22,11.10.2014,Control,VK5-S2,VK5-H5,4,0,0,0,0,1,2,4,0,0,0,4,0,3,4,0,4,5,2,1,7
VK5,23,12.10.2014,Control,VK5-S1,VK5-H5,4,1,0,0,0,0,0,0,0,0,0,0,0,0,0,0,0,0,0,0,VK5,23,12.10.2014,Control,VK5-S1,VK5-H5,0,0,0,0,0,1,0,0,0,0,0,0,0,1,0,0,0,1,0,1,1
VK5,24,13.10.2014,Control,VK5-S6,VK5-H5,4,5,2,0,2,11,0,0,0,8,12,0,12,3,0,0,0,0,33,0,VK5,24,13.10.2014,Control,VK5-S6,VK5-H5,33,0,0,0,0,13,14,47,0,0,0,47,0,27,47,0,47,60,14,18,74
VK5,25,14.10.2014,Control,VK5-S3,VK5-H3,5,1,2,0,2,0,0,0,0,4,1,0,1,0,0,0,0,0,10,0,VK5,25,14.10.2014,Control,VK5-S3,VK5-H3,10,0,0,0,0,5,0,13,0,0,0,13,0,5,13,0,13,18,0,3,18
VK5,26,15.10.2014,Control,VK5-S2,VK5-H3,5,5,10,0,10,6,0,0,0,2,24,0,24,0,0,0,0,0,18,0,VK5,26,15.10.2014,Control,VK5-S2,VK5-H3,18,0,0,0,0,7,6,52,0,0,0,52,0,13,52,0,52,59,6,21,65
VK5,27,16.10.2014,Control,VK5-S1,VK5-H3,5,3,6,0,6,4,0,0,0,1,6,0,6,0,1,0,1,1,43,0,VK5,27,16.10.2014,Control,VK5-S1,VK5-H3,43,0,0,0,0,5,4,55,1,0,0,55,1,9,56,0,56,60,5,13,65
VK5,28,17.10.2014,Control,VK5-S6,VK5-H3,5,0,4,0,4,0,0,0,0,1,4,0,4,0,0,0,0,0,11,0,VK5,28,17.10.2014,Control,VK5-S6,VK5-H3,11,0,0,0,0,1,0,19,0,0,0,19,0,1,19,0,19,20,0,4,20
VK5,29,18.10.2014,Control,VK5-S5,VK5-H3,5,3,0,0,0,8,0,0,0,0,3,0,3,0,0,0,0,0,7,0,VK5,29,18.10.2014,Control,VK5-S5,VK5-H3,7,0,1,0,1,3,8,10,1,0,0,10,1,11,11,0,11,13,9,11,22
VK5,30,19.10.2014,Control,VK5-S4,VK5-H3,5,2,0,0,0,8,0,0,0,0,3,0,3,0,0,0,0,0,7,0,VK5,30,19.10.2014,Control,VK5-S4,VK5-H3,7,0,0,0,0,2,8,10,0,0,0,10,0,10,10,0,10,12,8,10,20
VK5,31,20.10.2014,Control,VK5-S6,VK5-H6,6,1,4,0,4,0,0,0,0,2,5,0,5,0,0,0,0,0,19,0,VK5,31,20.10.2014,Control,VK5-S6,VK5-H6,19,0,0,0,0,3,0,28,0,0,0,28,0,3,28,0,28,31,0,5,31
VK5,32,21.10.2014,Control,VK5-S5,VK5-H6,6,0,2,0,2,0,0,0,0,0,0,0,0,0,0,0,0,1,6,0,VK5,32,21.10.2014,Control,VK5-S5,VK5-H6,6,0,1,0,1,1,0,8,1,0,0,8,1,1,9,0,9,9,1,2,10
VK5,33,22.10.2014,Control,VK5-S4,VK5-H6,6,1,0,0,0,0,0,0,0,1,0,0,0,0,0,0,0,0,1,0,VK5,33,22.10.2014,Control,VK5-S4,VK5-H6,1,0,0,0,0,2,0,1,0,0,0,1,0,2,1,0,1,3,0,1,3
VK5,34,23.10.2014,Control,VK5-S3,VK5-H6,6,0,5,0,5,0,0,0,0,4,6,0,6,0,0,0,0,0,0,0,VK5,34,23.10.2014,Control,VK5-S3,VK5-H6,0,0,0,0,0,4,0,11,0,0,0,11,0,4,11,0,11,15,0,5,15
VK5,35,24.10.2014,Control,VK5-S2,VK5-H6,6,0,8,0,8,1,0,0,0,0,21,0,21,0,1,0,1,0,15,0,VK5,35,24.10.2014,Control,VK5-S2,VK5-H6,15,0,0,0,0,0,1,44,1,0,0,44,1,1,45,0,45,44,2,9,46
VK5,36,25.10.2014,Control,VK5-S1,VK5-H6,6,0,0,0,0,0,0,0,0,0,0,0,0,0,0,0,0,0,1,0,VK5,36,25.10.2014,Control,VK5-S1,VK5-H6,1,0,0,0,0,0,0,1,0,0,0,1,0,0,1,0,1,1,0,0,1
VK5,1,15.09.2014,Olyset Net,VK5-S3,VK5-H3,1,1,2,0,2,4,1,0,1,0,0,0,0,1,0,0,0,1,2,0,VK5,1,15.09.2014,Olyset Net,VK5-S3,VK5-H3,2,0,0,0,0,2,5,4,1,0,0,4,1,7,5,0,5,6,6,8,12
VK5,2,16.09.2014,Olyset Net,VK5-S2,VK5-H3,1,3,1,0,1,2,0,0,0,2,1,0,1,1,0,0,0,0,0,0,VK5,2,16.09.2014,Olyset Net,VK5-S2,VK5-H3,0,1,1,0,1,5,4,2,1,0,0,2,1,9,3,0,3,7,5,6,12
VK5,3,17.09.2014,Olyset Net,VK5-S1,VK5-H3,1,20,1,0,1,11,0,0,0,5,6,0,6,1,1,0,1,0,0,0,VK5,3,17.09.2014,Olyset Net,VK5-S1,VK5-H3,0,0,0,0,0,25,12,7,1,0,0,7,1,37,8,0,8,32,13,32,45
VK5,4,18.09.2014,Olyset Net,VK5-S6,VK5-H3,1,1,0,0,0,0,0,0,0,0,0,0,0,0,0,0,0,0,0,0,VK5,4,18.09.2014,Olyset Net,VK5-S6,VK5-H3,0,0,0,0,0,1,0,0,0,0,0,0,0,1,0,0,0,1,0,1,1
VK5,5,19.09.2014,Olyset Net,VK5-S5,VK5-H3,1,9,0,0,0,8,0,0,0,4,2,0,2,2,0,0,0,0,0,0,VK5,5,19.09.2014,Olyset Net,VK5-S5,VK5-H3,0,0,0,0,0,13,10,2,0,0,0,2,0,23,2,0,2,15,10,17,25
VK5,6,20.09.2014,Olyset Net,VK5-S4,VK5-H3,1,23,19,0,19,5,1,0,1,11,10,0,10,1,1,0,1,2,5,0,VK5,6,20.09.2014,Olyset Net,VK5-S4,VK5-H3,5,0,0,0,0,36,6,34,2,0,0,34,2,42,36,0,36,70,8,48,78
VK5,7,22.09.2014,Olyset Net,VK5-S4,VK5-H4,2,3,0,0,0,3,0,0,0,1,0,0,0,0,0,0,0,1,0,0,VK5,7,22.09.2014,Olyset Net,VK5-S4,VK5-H4,0,0,0,0,0,5,3,0,0,0,0,0,0,8,0,0,0,5,3,6,8
VK5,8,23.09.2014,Olyset Net,VK5-S3,VK5-H4,2,13,0,0,0,12,0,0,0,3,0,0,0,5,0,0,0,0,0,0,VK5,8,23.09.2014,Olyset Net,VK5-S3,VK5-H4,0,0,0,0,0,16,17,0,0,0,0,0,0,33,0,0,0,16,17,25,33
VK5,9,24.09.2014,Olyset Net,VK5-S2,VK5-H4,2,32,10,0,10,8,1,0,1,69,12,0,12,24,1,0,1,7,11,0,VK5,9,24.09.2014,Olyset Net,VK5-S2,VK5-H4,11,7,0,0,0,108,39,33,2,0,0,33,2,147,35,0,35,141,41,51,182
VK5,10,25.09.2014,Olyset Net,VK5-S1,VK5-H4,2,62,2,0,2,22,0,0,0,40,4,0,4,17,2,0,2,0,0,0,VK5,10,25.09.2014,Olyset Net,VK5-S1,VK5-H4,0,0,0,0,0,102,39,6,2,0,0,6,2,141,8,0,8,108,41,86,149
VK5,11,26.09.2014,Olyset Net,VK5-S6,VK5-H4,2,6,7,0,7,13,0,0,0,2,5,0,5,6,0,0,0,2,6,0,VK5,11,26.09.2014,Olyset Net,VK5-S6,VK5-H4,6,2,0,0,0,10,21,18,0,0,0,18,0,31,18,0,18,28,21,26,49
VK5,12,27.09.2014,Olyset Net,VK5-S5,VK5-H4,2,19,10,0,10,6,1,0,1,10,9,0,9,8,1,0,1,1,1,0,VK5,12,27.09.2014,Olyset Net,VK5-S5,VK5-H4,1,1,0,0,0,30,15,20,2,0,0,20,2,45,22,0,22,50,17,36,67
VK5,13,29.09.2014,Olyset Net,VK5-S6,VK5-H6,3,5,0,0,0,3,0,0,0,2,0,0,0,0,0,0,0,0,1,0,VK5,13,29.09.2014,Olyset Net,VK5-S6,VK5-H6,1,0,0,0,0,7,3,1,0,0,0,1,0,10,1,0,1,8,3,8,11
VK5,14,30.09.2014,Olyset Net,VK5-S5,VK5-H6,3,2,0,0,0,2,0,0,0,0,4,0,4,0,1,0,1,0,0,0,VK5,14,30.09.2014,Olyset Net,VK5-S5,VK5-H6,0,0,0,0,0,2,2,4,1,0,0,4,1,4,5,0,5,6,3,4,9
VK5,15,01.10.2014,Olyset Net,VK5-S4,VK5-H6,3,17,10,0,10,13,0,0,0,8,12,0,12,10,2,0,2,2,8,0,VK5,15,01.10.2014,Olyset Net,VK5-S4,VK5-H6,8,0,2,0,2,27,23,30,4,0,0,30,4,50,34,0,34,57,27,40,84
VK5,16,02.10.2014,Olyset Net,VK5-S3,VK5-H6,3,30,3,0,3,17,1,0,1,11,3,0,3,2,0,0,0,1,3,0,VK5,16,02.10.2014,Olyset Net,VK5-S3,VK5-H6,3,0,1,0,1,42,19,9,2,0,0,9,2,61,11,0,11,51,21,51,72
VK5,17,03.10.2014,Olyset Net,VK5-S2,VK5-H6,3,60,11,0,11,47,0,0,0,27,22,0,22,22,0,0,0,6,19,0,VK5,17,03.10.2014,Olyset Net,VK5-S2,VK5-H6,19,4,1,0,1,93,73,52,1,0,0,52,1,166,53,0,53,145,74,118,219
VK5,18,07.10.2014,Olyset Net,VK5-S1,VK5-H6,3,3,2,0,2,0,1,0,1,0,4,0,4,1,1,0,1,0,0,0,VK5,18,07.10.2014,Olyset Net,VK5-S1,VK5-H6,0,0,0,0,0,3,1,6,2,0,0,6,2,4,8,0,8,9,3,6,12
VK5,19,08.10.2014,Olyset Net,VK5-S1,VK5-H1,4,8,5,0,5,5,1,0,1,0,2,0,2,2,0,0,0,0,2,0,VK5,19,08.10.2014,Olyset Net,VK5-S1,VK5-H1,2,0,0,0,0,8,7,9,1,0,0,9,1,15,10,0,10,17,8,19,25
VK5,20,09.10.2014,Olyset Net,VK5-S6,VK5-H1,4,3,4,0,4,6,0,0,0,4,1,0,1,0,0,0,0,0,3,0,VK5,20,09.10.2014,Olyset Net,VK5-S6,VK5-H1,3,0,0,0,0,7,6,8,0,0,0,8,0,13,8,0,8,15,6,13,21
VK5,21,10.10.2014,Olyset Net,VK5-S5,VK5-H1,4,3,6,0,6,3,0,0,0,1,1,0,1,1,0,0,0,0,3,0,VK5,21,10.10.2014,Olyset Net,VK5-S5,VK5-H1,3,0,0,0,0,4,4,10,0,0,0,10,0,8,10,0,10,14,4,12,18
VK5,22,11.10.2014,Olyset Net,VK5-S4,VK5-H1,4,2,9,0,9,7,2,0,2,3,6,0,6,1,0,0,0,0,2,0,VK5,22,11.10.2014,Olyset Net,VK5-S4,VK5-H1,2,2,2,0,2,5,10,17,4,0,0,17,4,15,21,0,21,22,14,20,36
VK5,23,12.10.2014,Olyset Net,VK5-S3,VK5-H1,4,6,4,0,4,1,0,0,0,0,9,0,9,5,2,0,2,0,2,0,VK5,23,12.10.2014,Olyset Net,VK5-S3,VK5-H1,2,0,0,0,0,6,6,15,2,0,0,15,2,12,17,0,17,21,8,11,29
VK5,24,13.10.2014,Olyset Net,VK5-S2,VK5-H1,4,3,1,0,1,2,0,0,0,1,1,0,1,2,0,0,0,1,0,0,VK5,24,13.10.2014,Olyset Net,VK5-S2,VK5-H1,0,0,0,0,0,5,4,2,0,0,0,2,0,9,2,0,2,7,4,6,11
VK5,25,14.10.2014,Olyset Net,VK5-S5,VK5-H5,5,19,6,0,6,20,2,0,2,3,3,0,3,8,1,0,1,0,0,0,VK5,25,14.10.2014,Olyset Net,VK5-S5,VK5-H5,0,0,0,0,0,22,28,9,3,0,0,9,3,50,12,0,12,31,31,47,62
VK5,26,15.10.2014,Olyset Net,VK5-S4,VK5-H5,5,2,12,0,12,1,1,0,1,3,4,0,4,3,0,0,0,0,1,0,VK5,26,15.10.2014,Olyset Net,VK5-S4,VK5-H5,1,2,0,0,0,5,6,17,1,0,0,17,1,11,18,0,18,22,7,16,29
VK5,27,16.10.2014,Olyset Net,VK5-S3,VK5-H5,5,7,1,0,1,8,2,0,2,0,2,0,2,1,1,0,1,0,1,0,VK5,27,16.10.2014,Olyset Net,VK5-S3,VK5-H5,1,0,0,0,0,7,9,4,3,0,0,4,3,16,7,0,7,11,12,18,23
VK5,28,17.10.2014,Olyset Net,VK5-S2,VK5-H5,5,3,1,0,1,12,0,0,0,0,1,0,1,0,0,0,0,0,0,0,VK5,28,17.10.2014,Olyset Net,VK5-S2,VK5-H5,0,0,0,0,0,3,12,2,0,0,0,2,0,15,2,0,2,5,12,16,17
VK5,29,18.10.2014,Olyset Net,VK5-S1,VK5-H5,5,4,1,0,1,5,0,0,0,2,1,0,1,2,0,0,0,0,0,0,VK5,29,18.10.2014,Olyset Net,VK5-S1,VK5-H5,0,0,0,0,0,6,7,2,0,0,0,2,0,13,2,0,2,8,7,10,15
VK5,30,19.10.2014,Olyset Net,VK5-S6,VK5-H5,5,9,0,0,0,12,0,0,0,4,1,0,1,3,0,0,0,0,5,0,VK5,30,19.10.2014,Olyset Net,VK5-S6,VK5-H5,5,0,0,0,0,13,15,6,0,0,0,6,0,28,6,0,6,19,15,21,34
VK5,31,20.10.2014,Olyset Net,VK5-S2,VK5-H2,6,6,1,0,1,0,0,0,0,1,2,0,2,0,0,0,0,0,3,0,VK5,31,20.10.2014,Olyset Net,VK5-S2,VK5-H2,3,0,0,0,0,7,0,6,0,0,0,6,0,7,6,0,6,13,0,7,13
VK5,32,21.10.2014,Olyset Net,VK5-S1,VK5-H2,6,1,4,0,4,2,0,0,0,0,2,0,2,0,0,0,0,0,0,0,VK5,32,21.10.2014,Olyset Net,VK5-S1,VK5-H2,0,0,0,0,0,1,2,6,0,0,0,6,0,3,6,0,6,7,2,7,9
VK5,33,22.10.2014,Olyset Net,VK5-S6,VK5-H2,6,1,1,0,1,1,0,0,0,2,0,0,0,0,0,0,0,0,0,0,VK5,33,22.10.2014,Olyset Net,VK5-S6,VK5-H2,0,0,1,0,1,3,1,1,1,0,0,1,1,4,2,0,2,4,2,3,6
VK5,34,23.10.2014,Olyset Net,VK5-S5,VK5-H2,6,5,1,0,1,2,0,0,0,1,0,0,0,2,0,0,0,0,0,0,VK5,34,23.10.2014,Olyset Net,VK5-S5,VK5-H2,0,0,0,0,0,6,4,1,0,0,0,1,0,10,1,0,1,7,4,8,11
VK5,35,24.10.2014,Olyset Net,VK5-S4,VK5-H2,6,8,4,0,4,3,0,0,0,5,1,0,1,1,0,0,0,2,5,0,VK5,35,24.10.2014,Olyset Net,VK5-S4,VK5-H2,5,0,0,0,0,15,4,10,0,0,0,10,0,19,10,0,10,25,4,15,29
VK5,36,25.10.2014,Olyset Net,VK5-S3,VK5-H2,6,0,0,0,0,0,0,0,0,0,1,0,1,1,0,0,0,0,0,0,VK5,36,25.10.2014,Olyset Net,VK5-S3,VK5-H2,0,0,0,0,0,0,1,1,0,0,0,1,0,1,1,0,1,1,1,0,2
VK5,1,15.09.2014,Olyset Plus,VK5-S6,VK5-H6,1,6,0,0,0,2,0,0,0,1,1,0,1,7,0,0,0,0,0,0,VK5,1,15.09.2014,Olyset Plus,VK5-S6,VK5-H6,0,2,0,0,0,7,11,1,0,0,0,1,0,18,1,0,1,8,11,8,19
VK5,2,16.09.2014,Olyset Plus,VK5-S5,VK5-H6,1,0,0,0,0,2,1,0,1,1,0,0,0,1,0,0,0,0,0,0,VK5,2,16.09.2014,Olyset Plus,VK5-S5,VK5-H6,0,0,0,0,0,1,3,0,1,0,0,0,1,4,1,0,1,1,4,3,5
VK5,3,17.09.2014,Olyset Plus,VK5-S4,VK5-H6,1,5,0,0,0,3,1,0,1,1,0,0,0,8,6,0,6,0,3,0,VK5,3,17.09.2014,Olyset Plus,VK5-S4,VK5-H6,3,2,0,0,0,6,13,3,7,0,0,3,7,19,10,0,10,9,20,9,29
VK5,4,18.09.2014,Olyset Plus,VK5-S3,VK5-H6,1,0,0,0,0,1,0,0,0,2,0,0,0,1,1,0,1,0,0,0,VK5,4,18.09.2014,Olyset Plus,VK5-S3,VK5-H6,0,0,0,0,0,2,2,0,1,0,0,0,1,4,1,0,1,2,3,1,5
VK5,5,19.09.2014,Olyset Plus,VK5-S2,VK5-H6,1,9,2,0,2,5,0,0,0,4,1,0,1,2,0,0,0,1,0,0,VK5,5,19.09.2014,Olyset Plus,VK5-S2,VK5-H6,0,2,0,0,0,14,9,3,0,0,0,3,0,23,3,0,3,17,9,16,26
VK5,6,20.09.2014,Olyset Plus,VK5-S1,VK5-H6,1,42,6,0,6,8,1,0,1,21,7,0,7,4,0,0,0,0,0,0,VK5,6,20.09.2014,Olyset Plus,VK5-S1,VK5-H6,0,0,0,0,0,63,12,13,1,0,0,13,1,75,14,0,14,76,13,57,89
VK5,7,22.09.2014,Olyset Plus,VK5-S3,VK5-H3,2,1,0,0,0,0,0,0,0,2,0,0,0,2,0,0,0,0,0,0,VK5,7,22.09.2014,Olyset Plus,VK5-S3,VK5-H3,0,0,0,0,0,3,2,0,0,0,0,0,0,5,0,0,0,3,2,1,5
VK5,8,23.09.2014,Olyset Plus,VK5-S2,VK5-H3,2,31,4,0,4,31,1,0,1,12,2,0,2,27,2,0,2,0,0,0,VK5,8,23.09.2014,Olyset Plus,VK5-S2,VK5-H3,0,8,2,0,2,43,66,6,5,0,0,6,5,109,11,0,11,49,71,67,120
VK5,9,24.09.2014,Olyset Plus,VK5-S1,VK5-H3,2,17,4,0,4,11,0,0,0,5,0,0,0,22,0,0,0,0,0,0,VK5,9,24.09.2014,Olyset Plus,VK5-S1,VK5-H3,0,0,0,0,0,22,33,4,0,0,0,4,0,55,4,0,4,26,33,32,59
VK5,10,25.09.2014,Olyset Plus,VK5-S6,VK5-H3,2,31,1,0,1,16,0,0,0,7,0,0,0,20,1,0,1,0,0,0,VK5,10,25.09.2014,Olyset Plus,VK5-S6,VK5-H3,0,20,0,0,0,38,56,1,1,0,0,1,1,94,2,0,2,39,57,48,96
VK5,11,26.09.2014,Olyset Plus,VK5-S5,VK5-H3,2,8,0,0,0,1,0,0,0,4,0,0,0,0,0,0,0,0,0,0,VK5,11,26.09.2014,Olyset Plus,VK5-S5,VK5-H3,0,0,0,0,0,12,1,0,0,0,0,0,0,13,0,0,0,12,1,9,13
VK5,12,27.09.2014,Olyset Plus,VK5-S4,VK5-H3,2,12,0,0,0,10,0,0,0,0,1,0,1,7,0,0,0,1,1,0,VK5,12,27.09.2014,Olyset Plus,VK5-S4,VK5-H3,1,0,2,0,2,13,17,2,2,0,0,2,2,30,4,0,4,15,19,22,34
VK5,13,29.09.2014,Olyset Plus,VK5-S5,VK5-H5,3,12,3,0,3,22,0,0,0,6,0,0,0,15,0,0,0,0,0,0,VK5,13,29.09.2014,Olyset Plus,VK5-S5,VK5-H5,0,0,0,0,0,18,37,3,0,0,0,3,0,55,3,0,3,21,37,37,58
VK5,14,30.09.2014,Olyset Plus,VK5-S4,VK5-H5,3,3,0,0,0,5,0,0,0,1,0,0,0,7,0,0,0,0,0,0,VK5,14,30.09.2014,Olyset Plus,VK5-S4,VK5-H5,0,1,0,0,0,4,13,0,0,0,0,0,0,17,0,0,0,4,13,8,17
VK5,15,01.10.2014,Olyset Plus,VK5-S3,VK5-H5,3,36,2,0,2,18,0,0,0,20,1,0,1,32,2,0,2,0,0,0,VK5,15,01.10.2014,Olyset Plus,VK5-S3,VK5-H5,0,0,0,0,0,56,50,3,2,0,0,3,2,106,5,0,5,59,52,56,111
VK5,16,02.10.2014,Olyset Plus,VK5-S2,VK5-H5,3,5,0,0,0,9,0,0,0,1,0,0,0,7,0,0,0,1,2,0,VK5,16,02.10.2014,Olyset Plus,VK5-S2,VK5-H5,2,0,0,0,0,7,16,2,0,0,0,2,0,23,2,0,2,9,16,14,25
VK5,17,03.10.2014,Olyset Plus,VK5-S1,VK5-H5,3,13,2,0,2,42,0,0,0,11,2,0,2,22,1,0,1,1,0,0,VK5,17,03.10.2014,Olyset Plus,VK5-S1,VK5-H5,0,0,0,0,0,25,64,4,1,0,0,4,1,89,5,0,5,29,65,57,94
VK5,18,07.10.2014,Olyset Plus,VK5-S6,VK5-H5,3,16,4,0,4,28,2,0,2,8,2,0,2,17,3,0,3,0,0,0,VK5,18,07.10.2014,Olyset Plus,VK5-S6,VK5-H5,0,10,2,0,2,24,55,6,7,0,0,6,7,79,13,0,13,30,62,50,92
VK5,19,08.10.2014,Olyset Plus,VK5-S4,VK5-H4,4,16,3,0,3,9,0,0,0,4,0,0,0,10,1,0,1,0,3,0,VK5,19,08.10.2014,Olyset Plus,VK5-S4,VK5-H4,3,2,3,0,3,20,21,6,4,0,0,6,4,41,10,0,10,26,25,28,51
VK5,20,09.10.2014,Olyset Plus,VK5-S3,VK5-H4,4,21,5,0,5,34,0,0,0,13,1,0,1,40,3,0,3,0,0,0,VK5,20,09.10.2014,Olyset Plus,VK5-S3,VK5-H4,0,0,0,0,0,34,74,6,3,0,0,6,3,108,9,0,9,40,77,60,117
VK5,21,10.10.2014,Olyset Plus,VK5-S2,VK5-H4,4,1,0,0,0,2,1,0,1,5,1,0,1,6,0,0,0,0,0,0,VK5,21,10.10.2014,Olyset Plus,VK5-S2,VK5-H4,0,4,0,0,0,6,12,1,1,0,0,1,1,18,2,0,2,7,13,4,20
VK5,22,11.10.2014,Olyset Plus,VK5-S1,VK5-H4,4,6,2,0,2,4,0,0,0,0,0,0,0,0,0,0,0,0,0,0,VK5,22,11.10.2014,Olyset Plus,VK5-S1,VK5-H4,0,0,0,0,0,6,4,2,0,0,0,2,0,10,2,0,2,8,4,12,12
VK5,23,12.10.2014,Olyset Plus,VK5-S6,VK5-H4,4,0,1,0,1,0,0,0,0,0,0,0,0,0,0,0,0,0,0,0,VK5,23,12.10.2014,Olyset Plus,VK5-S6,VK5-H4,0,0,1,0,1,0,0,1,1,0,0,1,1,0,2,0,2,1,1,1,2
VK5,24,13.10.2014,Olyset Plus,VK5-S5,VK5-H4,4,0,0,0,0,1,0,0,0,0,0,0,0,1,1,0,1,0,0,0,VK5,24,13.10.2014,Olyset Plus,VK5-S5,VK5-H4,0,0,0,0,0,0,2,0,1,0,0,0,1,2,1,0,1,0,3,1,3
VK5,25,14.10.2014,Olyset Plus,VK5-S2,VK5-H2,5,0,1,0,1,0,0,0,0,4,0,0,0,0,0,0,0,0,0,0,VK5,25,14.10.2014,Olyset Plus,VK5-S2,VK5-H2,0,0,0,0,0,4,0,1,0,0,0,1,0,4,1,0,1,5,0,1,5
VK5,26,15.10.2014,Olyset Plus,VK5-S1,VK5-H2,5,6,2,0,2,2,1,0,1,1,1,0,1,1,0,0,0,0,0,0,VK5,26,15.10.2014,Olyset Plus,VK5-S1,VK5-H2,0,0,0,0,0,7,3,3,1,0,0,3,1,10,4,0,4,10,4,11,14
VK5,27,16.10.2014,Olyset Plus,VK5-S6,VK5-H2,5,1,1,0,1,2,0,0,0,0,0,0,0,2,0,0,0,0,0,0,VK5,27,16.10.2014,Olyset Plus,VK5-S6,VK5-H2,0,2,0,0,0,1,6,1,0,0,0,1,0,7,1,0,1,2,6,4,8
VK5,28,17.10.2014,Olyset Plus,VK5-S5,VK5-H2,5,3,0,0,0,1,0,0,0,0,1,0,1,1,1,0,1,0,0,0,VK5,28,17.10.2014,Olyset Plus,VK5-S5,VK5-H2,0,0,0,0,0,3,2,1,1,0,0,1,1,5,2,0,2,4,3,4,7
VK5,29,18.10.2014,Olyset Plus,VK5-S4,VK5-H2,5,1,0,0,0,2,0,0,0,1,0,0,0,2,0,0,0,0,0,0,VK5,29,18.10.2014,Olyset Plus,VK5-S4,VK5-H2,0,2,0,0,0,2,6,0,0,0,0,0,0,8,0,0,0,2,6,3,8
VK5,30,19.10.2014,Olyset Plus,VK5-S3,VK5-H2,5,0,0,0,0,3,1,0,1,1,1,0,1,0,1,0,1,0,0,0,VK5,30,19.10.2014,Olyset Plus,VK5-S3,VK5-H2,0,0,0,0,0,1,3,1,2,0,0,1,2,4,3,0,3,2,5,4,7
VK5,31,20.10.2014,Olyset Plus,VK5-S1,VK5-H1,6,12,1,0,1,14,1,0,1,11,4,0,4,13,2,0,2,0,0,0,VK5,31,20.10.2014,Olyset Plus,VK5-S1,VK5-H1,0,0,0,0,0,23,27,5,3,0,0,5,3,50,8,0,8,28,30,28,58
VK5,32,21.10.2014,Olyset Plus,VK5-S6,VK5-H1,6,3,1,0,1,1,0,0,0,3,0,0,0,0,0,0,0,0,0,0,VK5,32,21.10.2014,Olyset Plus,VK5-S6,VK5-H1,0,0,0,0,0,6,1,1,0,0,0,1,0,7,1,0,1,7,1,5,8
VK5,33,22.10.2014,Olyset Plus,VK5-S5,VK5-H1,6,1,1,0,1,3,0,0,0,0,1,0,1,1,0,0,0,0,0,0,VK5,33,22.10.2014,Olyset Plus,VK5-S5,VK5-H1,0,0,0,0,0,1,4,2,0,0,0,2,0,5,2,0,2,3,4,5,7
VK5,34,23.10.2014,Olyset Plus,VK5-S4,VK5-H1,6,6,0,0,0,0,0,0,0,5,1,0,1,3,1,0,1,3,1,0,VK5,34,23.10.2014,Olyset Plus,VK5-S4,VK5-H1,1,1,1,0,1,14,4,2,2,0,0,2,2,18,4,0,4,16,6,6,22
VK5,35,24.10.2014,Olyset Plus,VK5-S3,VK5-H1,6,2,2,0,2,4,0,0,0,3,1,0,1,4,1,0,1,0,0,0,VK5,35,24.10.2014,Olyset Plus,VK5-S3,VK5-H1,0,0,0,0,0,5,8,3,1,0,0,3,1,13,4,0,4,8,9,8,17
VK5,36,25.10.2014,Olyset Plus,VK5-S2,VK5-H1,6,2,3,0,3,0,0,0,0,0,4,0,4,0,0,0,0,0,6,0,VK5,36,25.10.2014,Olyset Plus,VK5-S2,VK5-H1,6,0,0,0,0,2,0,13,0,0,0,13,0,2,13,0,13,15,0,5,15
VK5,1,15.09.2014,PermaNet 2.0,VK5-S5,VK5-H5,1,3,0,0,0,9,0,0,0,3,0,0,0,3,0,0,0,0,2,0,VK5,1,15.09.2014,PermaNet 2.0,VK5-S5,VK5-H5,2,0,0,0,0,6,12,2,0,0,0,2,0,18,2,0,2,8,12,12,20
VK5,2,16.09.2014,PermaNet 2.0,VK5-S4,VK5-H5,1,2,0,0,0,2,0,0,0,1,0,0,0,1,0,0,0,0,4,0,VK5,2,16.09.2014,PermaNet 2.0,VK5-S4,VK5-H5,4,1,0,0,0,3,4,4,0,0,0,4,0,7,4,0,4,7,4,4,11
VK5,3,17.09.2014,PermaNet 2.0,VK5-S3,VK5-H5,1,9,1,0,1,11,0,0,0,6,3,0,3,4,0,0,0,0,5,0,VK5,3,17.09.2014,PermaNet 2.0,VK5-S3,VK5-H5,5,2,1,0,1,15,17,9,1,0,0,9,1,32,10,0,10,24,18,21,42
VK5,4,18.09.2014,PermaNet 2.0,VK5-S2,VK5-H5,1,0,3,0,3,0,1,0,1,0,1,0,1,0,0,0,0,0,3,0,VK5,4,18.09.2014,PermaNet 2.0,VK5-S2,VK5-H5,3,0,0,0,0,0,0,7,1,0,0,7,1,0,8,0,8,7,1,4,8
VK5,5,19.09.2014,PermaNet 2.0,VK5-S1,VK5-H5,1,7,0,0,0,3,0,0,0,7,7,0,7,0,0,0,0,0,3,0,VK5,5,19.09.2014,PermaNet 2.0,VK5-S1,VK5-H5,3,0,1,0,1,14,3,10,1,0,0,10,1,17,11,0,11,24,4,10,28
VK5,6,20.09.2014,PermaNet 2.0,VK5-S6,VK5-H5,1,18,6,0,6,5,0,0,0,29,8,0,8,1,0,0,0,0,3,0,VK5,6,20.09.2014,PermaNet 2.0,VK5-S6,VK5-H5,3,0,0,0,0,47,6,17,0,0,0,17,0,53,17,0,17,64,6,29,70
VK5,7,22.09.2014,PermaNet 2.0,VK5-S6,VK5-H6,2,4,2,0,2,2,0,0,0,2,0,0,0,1,0,0,0,1,5,0,VK5,7,22.09.2014,PermaNet 2.0,VK5-S6,VK5-H6,5,0,0,0,0,7,3,7,0,0,0,7,0,10,7,0,7,14,3,8,17
VK5,8,23.09.2014,PermaNet 2.0,VK5-S5,VK5-H6,2,4,0,0,0,3,0,0,0,2,0,0,0,0,0,0,0,0,1,0,VK5,8,23.09.2014,PermaNet 2.0,VK5-S5,VK5-H6,1,0,1,0,1,6,3,1,1,0,0,1,1,9,2,0,2,7,4,7,11
VK5,9,24.09.2014,PermaNet 2.0,VK5-S4,VK5-H6,2,25,27,0,27,12,0,0,0,10,19,0,19,13,4,0,4,0,9,0,VK5,9,24.09.2014,PermaNet 2.0,VK5-S4,VK5-H6,9,1,5,0,5,35,26,55,9,0,0,55,9,61,64,0,64,90,35,64,125
VK5,10,25.09.2014,PermaNet 2.0,VK5-S3,VK5-H6,2,22,6,0,6,14,3,0,3,4,1,0,1,8,2,0,2,1,5,0,VK5,10,25.09.2014,PermaNet 2.0,VK5-S3,VK5-H6,5,3,0,0,0,27,25,12,5,0,0,12,5,52,17,0,17,39,30,45,69
VK5,11,26.09.2014,PermaNet 2.0,VK5-S2,VK5-H6,2,12,2,0,2,0,0,0,0,3,12,0,12,2,0,0,0,0,3,0,VK5,11,26.09.2014,PermaNet 2.0,VK5-S2,VK5-H6,3,0,0,0,0,15,2,17,0,0,0,17,0,17,17,0,17,32,2,14,34
VK5,12,27.09.2014,PermaNet 2.0,VK5-S1,VK5-H6,2,5,1,0,1,1,0,0,0,7,4,0,4,1,1,0,1,0,1,0,VK5,12,27.09.2014,PermaNet 2.0,VK5-S1,VK5-H6,1,0,0,0,0,12,2,6,1,0,0,6,1,14,7,0,7,18,3,7,21
VK5,13,29.09.2014,PermaNet 2.0,VK5-S2,VK5-H2,3,3,7,0,7,6,0,0,0,0,16,0,16,3,3,0,3,0,10,0,VK5,13,29.09.2014,PermaNet 2.0,VK5-S2,VK5-H2,10,0,0,0,0,3,9,33,3,0,0,33,3,12,36,0,36,36,12,16,48
VK5,14,30.09.2014,PermaNet 2.0,VK5-S1,VK5-H2,3,0,0,0,0,1,0,0,0,0,1,0,1,0,0,0,0,0,2,0,VK5,14,30.09.2014,PermaNet 2.0,VK5-S1,VK5-H2,2,0,0,0,0,0,1,3,0,0,0,3,0,1,3,0,3,3,1,1,4
VK5,15,01.10.2014,PermaNet 2.0,VK5-S6,VK5-H2,3,2,3,0,3,0,0,0,0,2,0,0,0,1,0,0,0,1,4,0,VK5,15,01.10.2014,PermaNet 2.0,VK5-S6,VK5-H2,4,1,0,0,0,5,2,7,0,0,0,7,0,7,7,0,7,12,2,5,14
VK5,16,02.10.2014,PermaNet 2.0,VK5-S5,VK5-H2,3,7,1,0,1,1,0,0,0,9,2,0,2,6,2,0,2,0,0,0,VK5,16,02.10.2014,PermaNet 2.0,VK5-S5,VK5-H2,0,0,0,0,0,16,7,3,2,0,0,3,2,23,5,0,5,19,9,9,28
VK5,17,03.10.2014,PermaNet 2.0,VK5-S4,VK5-H2,3,5,1,0,1,5,0,0,0,2,2,0,2,5,0,0,0,1,7,0,VK5,17,03.10.2014,PermaNet 2.0,VK5-S4,VK5-H2,7,1,1,0,1,8,11,10,1,0,0,10,1,19,11,0,11,18,12,11,30
VK5,18,07.10.2014,PermaNet 2.0,VK5-S3,VK5-H2,3,0,0,0,0,2,0,0,0,0,0,0,0,20,0,0,0,0,1,0,VK5,18,07.10.2014,PermaNet 2.0,VK5-S3,VK5-H2,1,0,0,0,0,0,22,1,0,0,0,1,0,22,1,0,1,1,22,2,23
VK5,19,08.10.2014,PermaNet 2.0,VK5-S3,VK5-H3,4,11,8,0,8,15,1,0,1,3,6,0,6,4,3,0,3,0,5,0,VK5,19,08.10.2014,PermaNet 2.0,VK5-S3,VK5-H3,5,1,0,0,0,14,20,19,4,0,0,19,4,34,23,0,23,33,24,35,57
VK5,20,09.10.2014,PermaNet 2.0,VK5-S2,VK5-H3,4,3,15,0,15,13,0,0,0,3,5,0,5,3,0,0,0,2,4,0,VK5,20,09.10.2014,PermaNet 2.0,VK5-S2,VK5-H3,4,0,0,0,0,8,16,24,0,0,0,24,0,24,24,0,24,32,16,31,48
VK5,21,10.10.2014,PermaNet 2.0,VK5-S1,VK5-H3,4,10,8,0,8,38,1,0,1,2,2,0,2,1,2,0,2,0,10,0,VK5,21,10.10.2014,PermaNet 2.0,VK5-S1,VK5-H3,10,0,0,0,0,12,39,20,3,0,0,20,3,51,23,0,23,32,42,57,74
VK5,22,11.10.2014,PermaNet 2.0,VK5-S6,VK5-H3,4,2,3,0,3,14,1,0,1,1,0,0,0,1,0,0,0,0,2,0,VK5,22,11.10.2014,PermaNet 2.0,VK5-S6,VK5-H3,2,0,2,0,2,3,15,5,3,0,0,5,3,18,8,0,8,8,18,20,26
VK5,23,12.10.2014,PermaNet 2.0,VK5-S5,VK5-H3,4,0,1,0,1,8,0,0,0,1,0,0,0,1,0,0,0,0,1,0,VK5,23,12.10.2014,PermaNet 2.0,VK5-S5,VK5-H3,1,0,0,0,0,1,9,2,0,0,0,2,0,10,2,0,2,3,9,9,12
VK5,24,13.10.2014,PermaNet 2.0,VK5-S4,VK5-H3,4,4,2,0,2,12,0,0,0,0,1,0,1,0,0,0,0,0,2,0,VK5,24,13.10.2014,PermaNet 2.0,VK5-S4,VK5-H3,2,0,0,0,0,4,12,5,0,0,0,5,0,16,5,0,5,9,12,18,21
VK5,25,14.10.2014,PermaNet 2.0,VK5-S1,VK5-H1,5,3,2,0,2,3,0,0,0,0,1,0,1,1,0,0,0,0,0,0,VK5,25,14.10.2014,PermaNet 2.0,VK5-S1,VK5-H1,0,0,0,0,0,3,4,3,0,0,0,3,0,7,3,0,3,6,4,8,10
VK5,26,15.10.2014,PermaNet 2.0,VK5-S6,VK5-H1,5,9,6,0,6,8,1,0,1,4,5,0,5,4,0,0,0,0,0,0,VK5,26,15.10.2014,PermaNet 2.0,VK5-S6,VK5-H1,0,0,0,0,0,13,12,11,1,0,0,11,1,25,12,0,12,24,13,24,37
VK5,27,16.10.2014,PermaNet 2.0,VK5-S5,VK5-H1,5,2,1,0,1,8,0,0,0,1,2,0,2,1,0,0,0,0,1,0,VK5,27,16.10.2014,PermaNet 2.0,VK5-S5,VK5-H1,1,0,0,0,0,3,9,4,0,0,0,4,0,12,4,0,4,7,9,11,16
VK5,28,17.10.2014,PermaNet 2.0,VK5-S4,VK5-H1,5,6,3,0,3,1,0,0,0,1,4,0,4,1,0,0,0,0,2,0,VK5,28,17.10.2014,PermaNet 2.0,VK5-S4,VK5-H1,2,1,1,0,1,7,3,9,1,0,0,9,1,10,10,0,10,16,4,10,20
VK5,29,18.10.2014,PermaNet 2.0,VK5-S3,VK5-H1,5,0,1,0,1,2,0,0,0,0,2,0,2,1,0,0,0,0,0,0,VK5,29,18.10.2014,PermaNet 2.0,VK5-S3,VK5-H1,0,0,0,0,0,0,3,3,0,0,0,3,0,3,3,0,3,3,3,3,6
VK5,30,19.10.2014,PermaNet 2.0,VK5-S2,VK5-H1,5,4,2,0,2,10,0,0,0,1,0,0,0,8,0,0,0,0,10,0,VK5,30,19.10.2014,PermaNet 2.0,VK5-S2,VK5-H1,10,0,0,0,0,5,18,12,0,0,0,12,0,23,12,0,12,17,18,16,35
VK5,31,20.10.2014,PermaNet 2.0,VK5-S4,VK5-H4,6,11,4,0,4,0,0,0,0,8,1,0,1,1,0,0,0,0,4,0,VK5,31,20.10.2014,PermaNet 2.0,VK5-S4,VK5-H4,4,2,0,0,0,19,3,9,0,0,0,9,0,22,9,0,9,28,3,15,31
VK5,32,21.10.2014,PermaNet 2.0,VK5-S3,VK5-H4,6,11,5,0,5,5,1,0,1,6,6,0,6,7,0,0,0,0,0,0,VK5,32,21.10.2014,PermaNet 2.0,VK5-S3,VK5-H4,0,3,2,0,2,17,15,11,3,0,0,11,3,32,14,0,14,28,18,22,46
VK5,33,22.10.2014,PermaNet 2.0,VK5-S2,VK5-H4,6,1,0,0,0,1,0,0,0,1,0,0,0,3,0,0,0,0,0,0,VK5,33,22.10.2014,PermaNet 2.0,VK5-S2,VK5-H4,0,0,0,0,0,2,4,0,0,0,0,0,0,6,0,0,0,2,4,2,6
VK5,34,23.10.2014,PermaNet 2.0,VK5-S1,VK5-H4,6,2,0,0,0,3,0,0,0,0,1,0,1,0,0,0,0,0,3,0,VK5,34,23.10.2014,PermaNet 2.0,VK5-S1,VK5-H4,3,0,0,0,0,2,3,4,0,0,0,4,0,5,4,0,4,6,3,5,9
VK5,35,24.10.2014,PermaNet 2.0,VK5-S6,VK5-H4,6,1,1,0,1,4,0,0,0,5,5,0,5,0,0,0,0,0,2,0,VK5,35,24.10.2014,PermaNet 2.0,VK5-S6,VK5-H4,2,0,0,0,0,6,4,8,0,0,0,8,0,10,8,0,8,14,4,6,18
VK5,36,25.10.2014,PermaNet 2.0,VK5-S5,VK5-H4,6,0,0,0,0,0,0,0,0,0,0,0,0,0,0,0,0,0,0,0,VK5,36,25.10.2014,PermaNet 2.0,VK5-S5,VK5-H4,0,0,0,0,0,0,0,0,0,0,0,0,0,0,0,0,0,0,0,0,0
VK5,1,15.09.2014,PermaNet 3.0,VK5-S2,VK5-H2,1,0,0,0,0,0,0,0,0,0,2,0,2,0,0,0,0,0,1,0,VK5,1,15.09.2014,PermaNet 3.0,VK5-S2,VK5-H2,1,1,1,0,1,0,1,3,1,0,0,3,1,1,4,0,4,3,2,0,5
VK5,2,16.09.2014,PermaNet 3.0,VK5-S1,VK5-H2,1,0,0,0,0,1,0,0,0,0,0,0,0,0,0,0,0,0,0,0,VK5,2,16.09.2014,PermaNet 3.0,VK5-S1,VK5-H2,0,0,0,0,0,0,1,0,0,0,0,0,0,1,0,0,0,0,1,1,1
VK5,3,17.09.2014,PermaNet 3.0,VK5-S6,VK5-H2,1,3,0,0,0,12,0,0,0,2,1,0,1,4,0,0,0,0,0,0,VK5,3,17.09.2014,PermaNet 3.0,VK5-S6,VK5-H2,0,4,0,0,0,5,20,1,0,0,0,1,0,25,1,0,1,6,20,15,26
VK5,4,18.09.2014,PermaNet 3.0,VK5-S5,VK5-H2,1,0,0,0,0,0,0,0,0,1,0,0,0,0,0,0,0,0,0,0,VK5,4,18.09.2014,PermaNet 3.0,VK5-S5,VK5-H2,0,0,0,0,0,1,0,0,0,0,0,0,0,1,0,0,0,1,0,0,1
VK5,5,19.09.2014,PermaNet 3.0,VK5-S4,VK5-H2,1,4,3,0,3,0,0,0,0,1,0,0,0,2,0,0,0,0,0,0,VK5,5,19.09.2014,PermaNet 3.0,VK5-S4,VK5-H2,0,0,0,0,0,5,2,3,0,0,0,3,0,7,3,0,3,8,2,7,10
VK5,6,20.09.2014,PermaNet 3.0,VK5-S3,VK5-H2,1,9,8,0,8,2,0,0,0,8,3,0,3,1,2,0,2,0,1,0,VK5,6,20.09.2014,PermaNet 3.0,VK5-S3,VK5-H2,1,0,0,0,0,17,3,12,2,0,0,12,2,20,14,0,14,29,5,19,34
VK5,7,22.09.2014,PermaNet 3.0,VK5-S5,VK5-H5,2,0,0,0,0,1,0,0,0,0,0,0,0,1,0,0,0,0,0,0,VK5,7,22.09.2014,PermaNet 3.0,VK5-S5,VK5-H5,0,0,0,0,0,0,2,0,0,0,0,0,0,2,0,0,0,0,2,1,2
VK5,8,23.09.2014,PermaNet 3.0,VK5-S4,VK5-H5,2,1,0,0,0,2,0,0,0,3,0,0,0,2,0,0,0,0,0,0,VK5,8,23.09.2014,PermaNet 3.0,VK5-S4,VK5-H5,0,0,0,0,0,4,4,0,0,0,0,0,0,8,0,0,0,4,4,3,8
VK5,9,24.09.2014,PermaNet 3.0,VK5-S3,VK5-H5,2,12,10,0,10,11,1,0,1,5,6,0,6,68,3,0,3,1,0,0,VK5,9,24.09.2014,PermaNet 3.0,VK5-S3,VK5-H5,0,5,1,0,1,18,84,16,5,0,0,16,5,102,21,0,21,34,89,34,123
VK5,10,25.09.2014,PermaNet 3.0,VK5-S2,VK5-H5,2,15,0,0,0,54,0,0,0,1,0,0,0,18,0,0,0,1,0,0,VK5,10,25.09.2014,PermaNet 3.0,VK5-S2,VK5-H5,0,12,0,0,0,17,84,0,0,0,0,0,0,101,0,0,0,17,84,69,101
VK5,11,26.09.2014,PermaNet 3.0,VK5-S1,VK5-H5,2,3,0,0,0,4,0,0,0,0,0,0,0,2,0,0,0,0,0,0,VK5,11,26.09.2014,PermaNet 3.0,VK5-S1,VK5-H5,0,0,0,0,0,3,6,0,0,0,0,0,0,9,0,0,0,3,6,7,9
VK5,12,27.09.2014,PermaNet 3.0,VK5-S6,VK5-H5,2,1,3,0,3,6,1,0,1,4,1,0,1,3,0,0,0,0,0,0,VK5,12,27.09.2014,PermaNet 3.0,VK5-S6,VK5-H5,0,2,2,0,2,5,11,4,3,0,0,4,3,16,7,0,7,9,14,11,23
VK5,13,29.09.2014,PermaNet 3.0,VK5-S1,VK5-H1,3,5,3,0,3,7,0,0,0,3,0,0,0,10,0,0,0,0,0,0,VK5,13,29.09.2014,PermaNet 3.0,VK5-S1,VK5-H1,0,0,0,0,0,8,17,3,0,0,0,3,0,25,3,0,3,11,17,15,28
VK5,14,30.09.2014,PermaNet 3.0,VK5-S6,VK5-H1,3,4,1,0,1,7,0,0,0,0,0,0,0,8,1,0,1,0,0,0,VK5,14,30.09.2014,PermaNet 3.0,VK5-S6,VK5-H1,0,4,2,0,2,4,19,1,3,0,0,1,3,23,4,0,4,5,22,12,27
VK5,15,01.10.2014,PermaNet 3.0,VK5-S5,VK5-H1,3,3,2,0,2,8,0,0,0,0,1,0,1,14,1,0,1,0,0,0,VK5,15,01.10.2014,PermaNet 3.0,VK5-S5,VK5-H1,0,0,0,0,0,3,22,3,1,0,0,3,1,25,4,0,4,6,23,13,29
VK5,16,02.10.2014,PermaNet 3.0,VK5-S4,VK5-H1,3,23,3,0,3,19,0,0,0,5,4,0,4,11,3,0,3,0,0,0,VK5,16,02.10.2014,PermaNet 3.0,VK5-S4,VK5-H1,0,3,2,0,2,28,33,7,5,0,0,7,5,61,12,0,12,35,38,45,73
VK5,17,03.10.2014,PermaNet 3.0,VK5-S3,VK5-H1,3,12,2,0,2,15,1,0,1,4,3,0,3,19,0,0,0,0,0,0,VK5,17,03.10.2014,PermaNet 3.0,VK5-S3,VK5-H1,0,0,0,0,0,16,34,5,1,0,0,5,1,50,6,0,6,21,35,30,56
VK5,18,07.10.2014,PermaNet 3.0,VK5-S2,VK5-H1,3,0,0,0,0,1,0,0,0,0,1,0,1,2,0,0,0,0,0,0,VK5,18,07.10.2014,PermaNet 3.0,VK5-S2,VK5-H1,0,1,1,0,1,0,4,1,1,0,0,1,1,4,2,0,2,1,5,1,6
VK5,19,08.10.2014,PermaNet 3.0,VK5-S6,VK5-H6,4,2,0,0,0,2,0,0,0,0,0,0,0,0,0,0,0,0,0,0,VK5,19,08.10.2014,PermaNet 3.0,VK5-S6,VK5-H6,0,0,0,0,0,2,2,0,0,0,0,0,0,4,0,0,0,2,2,4,4
VK5,20,09.10.2014,PermaNet 3.0,VK5-S5,VK5-H6,4,0,0,0,0,0,0,0,0,1,0,0,0,0,0,0,0,0,0,0,VK5,20,09.10.2014,PermaNet 3.0,VK5-S5,VK5-H6,0,0,0,0,0,1,0,0,0,0,0,0,0,1,0,0,0,1,0,0,1
VK5,21,10.10.2014,PermaNet 3.0,VK5-S4,VK5-H6,4,1,0,0,0,0,0,0,0,2,1,0,1,0,0,0,0,0,0,0,VK5,21,10.10.2014,PermaNet 3.0,VK5-S4,VK5-H6,0,0,0,0,0,3,0,1,0,0,0,1,0,3,1,0,1,4,0,1,4
VK5,22,11.10.2014,PermaNet 3.0,VK5-S3,VK5-H6,4,0,0,0,0,0,0,0,0,0,0,0,0,0,0,0,0,0,0,0,VK5,22,11.10.2014,PermaNet 3.0,VK5-S3,VK5-H6,0,0,0,0,0,0,0,0,0,0,0,0,0,0,0,0,0,0,0,0,0
VK5,23,12.10.2014,PermaNet 3.0,VK5-S2,VK5-H6,4,1,2,0,2,0,0,0,0,0,0,0,0,0,0,0,0,0,0,0,VK5,23,12.10.2014,PermaNet 3.0,VK5-S2,VK5-H6,0,0,0,0,0,1,0,2,0,0,0,2,0,1,2,0,2,3,0,3,3
VK5,24,13.10.2014,PermaNet 3.0,VK5-S1,VK5-H6,4,0,0,0,0,0,0,0,0,0,0,0,0,0,1,0,1,0,0,0,VK5,24,13.10.2014,PermaNet 3.0,VK5-S1,VK5-H6,0,0,0,0,0,0,0,0,1,0,0,0,1,0,1,0,1,0,1,0,1
VK5,25,14.10.2014,PermaNet 3.0,VK5-S4,VK5-H4,5,1,1,0,1,3,1,0,1,1,0,0,0,5,0,0,0,0,0,0,VK5,25,14.10.2014,PermaNet 3.0,VK5-S4,VK5-H4,0,3,0,0,0,2,11,1,1,0,0,1,1,13,2,0,2,3,12,6,15
VK5,26,15.10.2014,PermaNet 3.0,VK5-S3,VK5-H4,5,0,1,0,1,2,0,0,0,0,0,0,0,3,0,0,0,0,0,0,VK5,26,15.10.2014,PermaNet 3.0,VK5-S3,VK5-H4,0,0,0,0,0,0,5,1,0,0,0,1,0,5,1,0,1,1,5,3,6
VK5,27,16.10.2014,PermaNet 3.0,VK5-S2,VK5-H4,5,0,0,0,0,0,0,0,0,0,0,0,0,2,0,0,0,0,0,0,VK5,27,16.10.2014,PermaNet 3.0,VK5-S2,VK5-H4,0,1,1,0,1,0,3,0,1,0,0,0,1,3,1,0,1,0,4,0,4
VK5,28,17.10.2014,PermaNet 3.0,VK5-S1,VK5-H4,5,1,0,0,0,0,0,0,0,0,0,0,0,0,0,0,0,0,0,0,VK5,28,17.10.2014,PermaNet 3.0,VK5-S1,VK5-H4,0,0,0,0,0,1,0,0,0,0,0,0,0,1,0,0,0,1,0,1,1
VK5,29,18.10.2014,PermaNet 3.0,VK5-S6,VK5-H4,5,2,0,0,0,1,0,0,0,0,0,0,0,0,0,0,0,0,0,0,VK5,29,18.10.2014,PermaNet 3.0,VK5-S6,VK5-H4,0,0,0,0,0,2,1,0,0,0,0,0,0,3,0,0,0,2,1,3,3
VK5,30,19.10.2014,PermaNet 3.0,VK5-S5,VK5-H4,5,0,0,0,0,1,0,0,0,0,0,0,0,1,0,0,0,0,0,0,VK5,30,19.10.2014,PermaNet 3.0,VK5-S5,VK5-H4,0,0,0,0,0,0,2,0,0,0,0,0,0,2,0,0,0,0,2,1,2
VK5,31,20.10.2014,PermaNet 3.0,VK5-S3,VK5-H3,6,7,0,0,0,1,0,0,0,3,1,0,1,2,0,0,0,0,0,0,VK5,31,20.10.2014,PermaNet 3.0,VK5-S3,VK5-H3,0,0,0,0,0,10,3,1,0,0,0,1,0,13,1,0,1,11,3,8,14
VK5,32,21.10.2014,PermaNet 3.0,VK5-S2,VK5-H3,6,1,1,0,1,3,0,0,0,5,1,0,1,3,0,0,0,0,0,0,VK5,32,21.10.2014,PermaNet 3.0,VK5-S2,VK5-H3,0,0,0,0,0,6,6,2,0,0,0,2,0,12,2,0,2,8,6,5,14
VK5,33,22.10.2014,PermaNet 3.0,VK5-S1,VK5-H3,6,3,0,0,0,0,0,0,0,1,0,0,0,0,0,0,0,0,0,0,VK5,33,22.10.2014,PermaNet 3.0,VK5-S1,VK5-H3,0,0,0,0,0,4,0,0,0,0,0,0,0,4,0,0,0,4,0,3,4
VK5,34,23.10.2014,PermaNet 3.0,VK5-S6,VK5-H3,6,2,0,0,0,3,0,0,0,1,0,0,0,0,0,0,0,0,0,0,VK5,34,23.10.2014,PermaNet 3.0,VK5-S6,VK5-H3,0,0,0,0,0,3,3,0,0,0,0,0,0,6,0,0,0,3,3,5,6
VK5,35,24.10.2014,PermaNet 3.0,VK5-S5,VK5-H3,6,4,0,0,0,1,0,0,0,1,0,0,0,0,0,0,0,0,0,0,VK5,35,24.10.2014,PermaNet 3.0,VK5-S5,VK5-H3,0,0,0,0,0,5,1,0,0,0,0,0,0,6,0,0,0,5,1,5,6
VK5,36,25.10.2014,PermaNet 3.0,VK5-S4,VK5-H3,6,2,0,0,0,4,0,0,0,0,0,0,0,1,0,0,0,0,0,0,VK5,36,25.10.2014,PermaNet 3.0,VK5-S4,VK5-H3,0,0,0,0,0,2,5,0,0,0,0,0,0,7,0,0,0,2,5,6,7
VK5,1,15.09.2014,DawaPlus,VK5-S4,VK5-H4,1,1,1,0,1,3,0,0,0,2,1,0,1,0,0,0,0,0,0,0,VK5,1,15.09.2014,DawaPlus,VK5-S4,VK5-H4,0,0,0,0,0,3,3,2,0,0,0,2,0,6,2,0,2,5,3,5,8
VK5,2,16.09.2014,DawaPlus,VK5-S3,VK5-H4,1,0,0,0,0,2,0,0,0,1,2,0,2,1,0,0,0,0,0,0,VK5,2,16.09.2014,DawaPlus,VK5-S3,VK5-H4,0,0,0,0,0,1,3,2,0,0,0,2,0,4,2,0,2,3,3,2,6
VK5,3,17.09.2014,DawaPlus,VK5-S2,VK5-H4,1,15,0,0,0,11,0,0,0,13,2,0,2,2,0,0,0,2,7,0,VK5,3,17.09.2014,DawaPlus,VK5-S2,VK5-H4,7,0,0,0,0,30,13,9,0,0,0,9,0,43,9,0,9,39,13,26,52
VK5,4,18.09.2014,DawaPlus,VK5-S1,VK5-H4,1,2,0,0,0,1,0,0,0,7,1,0,1,0,0,0,0,0,1,0,VK5,4,18.09.2014,DawaPlus,VK5-S1,VK5-H4,1,0,0,0,0,9,1,2,0,0,0,2,0,10,2,0,2,11,1,3,12
VK5,5,19.09.2014,DawaPlus,VK5-S6,VK5-H4,1,3,1,0,1,0,0,0,0,1,7,0,7,0,0,0,0,1,11,0,VK5,5,19.09.2014,DawaPlus,VK5-S6,VK5-H4,11,1,0,0,0,5,1,19,0,0,0,19,0,6,19,0,19,24,1,4,25
VK5,6,20.09.2014,DawaPlus,VK5-S5,VK5-H4,1,8,6,0,6,3,0,0,0,20,14,0,14,1,0,0,0,0,4,0,VK5,6,20.09.2014,DawaPlus,VK5-S5,VK5-H4,4,0,0,0,0,28,4,24,0,0,0,24,0,32,24,0,24,52,4,17,56
VK5,7,22.09.2014,DawaPlus,VK5-S1,VK5-H1,2,1,0,0,0,0,0,0,0,1,1,0,1,0,0,0,0,0,0,0,VK5,7,22.09.2014,DawaPlus,VK5-S1,VK5-H1,0,0,0,0,0,2,0,1,0,0,0,1,0,2,1,0,1,3,0,1,3
VK5,8,23.09.2014,DawaPlus,VK5-S6,VK5-H1,2,2,3,0,3,0,0,0,0,0,3,0,3,0,0,0,0,0,3,0,VK5,8,23.09.2014,DawaPlus,VK5-S6,VK5-H1,3,0,0,0,0,2,0,9,0,0,0,9,0,2,9,0,9,11,0,5,11
VK5,9,24.09.2014,DawaPlus,VK5-S5,VK5-H1,2,17,11,0,11,11,0,0,0,18,8,0,8,6,2,0,2,4,15,0,VK5,9,24.09.2014,DawaPlus,VK5-S5,VK5-H1,15,0,0,0,0,39,17,34,2,0,0,34,2,56,36,0,36,73,19,39,92
VK5,10,25.09.2014,DawaPlus,VK5-S4,VK5-H1,2,18,7,0,7,9,0,0,0,51,23,0,23,25,0,0,0,4,56,0,VK5,10,25.09.2014,DawaPlus,VK5-S4,VK5-H1,56,3,0,0,0,73,37,86,0,0,0,86,0,110,86,0,86,159,37,34,196
VK5,11,26.09.2014,DawaPlus,VK5-S3,VK5-H1,2,3,2,0,2,2,0,0,0,3,2,0,2,4,1,0,1,0,3,0,VK5,11,26.09.2014,DawaPlus,VK5-S3,VK5-H1,3,0,0,0,0,6,6,7,1,0,0,7,1,12,8,0,8,13,7,7,20
VK5,12,27.09.2014,DawaPlus,VK5-S2,VK5-H1,2,4,3,0,3,2,0,0,0,1,0,0,0,0,0,0,0,2,6,0,VK5,12,27.09.2014,DawaPlus,VK5-S2,VK5-H1,6,0,0,0,0,7,2,9,0,0,0,9,0,9,9,0,9,16,2,9,18
VK5,13,29.09.2014,DawaPlus,VK5-S3,VK5-H3,3,17,2,0,2,48,0,0,0,3,2,0,2,9,1,0,1,0,24,0,VK5,13,29.09.2014,DawaPlus,VK5-S3,VK5-H3,24,1,0,0,0,20,58,28,1,0,0,28,1,78,29,0,29,48,59,67,107
VK5,14,30.09.2014,DawaPlus,VK5-S2,VK5-H3,3,9,2,0,2,19,1,0,1,9,4,0,4,8,1,0,1,1,12,0,VK5,14,30.09.2014,DawaPlus,VK5-S2,VK5-H3,12,1,0,0,0,19,28,18,2,0,0,18,2,47,20,0,20,37,30,31,67
VK5,15,01.10.2014,DawaPlus,VK5-S1,VK5-H3,3,64,6,0,6,94,0,0,0,14,4,0,4,8,1,0,1,3,25,0,VK5,15,01.10.2014,DawaPlus,VK5-S1,VK5-H3,25,0,1,0,1,81,102,35,2,0,0,35,2,183,37,0,37,116,104,164,220
VK5,16,02.10.2014,DawaPlus,VK5-S6,VK5-H3,3,13,7,0,7,9,0,0,0,15,4,0,4,7,0,0,0,0,11,0,VK5,16,02.10.2014,DawaPlus,VK5-S6,VK5-H3,11,0,0,0,0,28,16,22,0,0,0,22,0,44,22,0,22,50,16,29,66
VK5,17,03.10.2014,DawaPlus,VK5-S5,VK5-H3,3,25,6,0,6,25,0,0,0,8,5,0,5,13,0,0,0,2,25,0,VK5,17,03.10.2014,DawaPlus,VK5-S5,VK5-H3,25,4,0,0,0,35,42,36,0,0,0,36,0,77,36,0,36,71,42,56,113
VK5,18,07.10.2014,DawaPlus,VK5-S4,VK5-H3,3,5,1,0,1,9,0,0,0,1,1,0,1,3,0,0,0,1,9,0,VK5,18,07.10.2014,DawaPlus,VK5-S4,VK5-H3,9,0,0,0,0,7,12,11,0,0,0,11,0,19,11,0,11,18,12,15,30
VK5,19,08.10.2014,DawaPlus,VK5-S2,VK5-H2,4,1,2,0,2,1,0,0,0,5,4,0,4,0,1,0,1,0,19,0,VK5,19,08.10.2014,DawaPlus,VK5-S2,VK5-H2,19,0,0,0,0,6,1,25,1,0,0,25,1,7,26,0,26,31,2,4,33
VK5,20,09.10.2014,DawaPlus,VK5-S1,VK5-H2,4,3,1,0,1,3,0,0,0,0,3,0,3,1,0,0,0,0,10,0,VK5,20,09.10.2014,DawaPlus,VK5-S1,VK5-H2,10,0,0,0,0,3,4,14,0,0,0,14,0,7,14,0,14,17,4,7,21
VK5,21,10.10.2014,DawaPlus,VK5-S6,VK5-H2,4,0,4,0,4,0,0,0,0,0,4,0,4,0,0,0,0,0,5,0,VK5,21,10.10.2014,DawaPlus,VK5-S6,VK5-H2,5,0,0,0,0,0,0,13,0,0,0,13,0,0,13,0,13,13,0,4,13
VK5,22,11.10.2014,DawaPlus,VK5-S5,VK5-H2,4,1,1,0,1,0,0,0,0,0,0,0,0,0,0,0,0,0,0,0,VK5,22,11.10.2014,DawaPlus,VK5-S5,VK5-H2,0,0,6,0,6,1,0,1,6,0,0,1,6,1,7,0,7,2,6,2,8
VK5,23,12.10.2014,DawaPlus,VK5-S4,VK5-H2,4,1,5,0,5,0,0,0,0,0,5,0,5,0,0,0,0,2,22,0,VK5,23,12.10.2014,DawaPlus,VK5-S4,VK5-H2,22,0,0,0,0,3,0,32,0,0,0,32,0,3,32,0,32,35,0,6,35
VK5,24,13.10.2014,DawaPlus,VK5-S3,VK5-H2,4,0,1,0,1,0,0,0,0,3,1,0,1,0,0,0,0,1,6,0,VK5,24,13.10.2014,DawaPlus,VK5-S3,VK5-H2,6,0,0,0,0,4,0,8,0,0,0,8,0,4,8,0,8,12,0,1,12
VK5,25,14.10.2014,DawaPlus,VK5-S6,VK5-H6,5,0,1,0,1,0,0,0,0,0,3,0,3,1,1,0,1,0,33,0,VK5,25,14.10.2014,DawaPlus,VK5-S6,VK5-H6,33,0,0,0,0,0,1,37,1,0,0,37,1,1,38,0,38,37,2,1,39
VK5,26,15.10.2014,DawaPlus,VK5-S5,VK5-H6,5,1,0,0,0,1,0,0,0,1,3,0,3,0,0,0,0,0,11,0,VK5,26,15.10.2014,DawaPlus,VK5-S5,VK5-H6,11,0,0,0,0,2,1,14,0,0,0,14,0,3,14,0,14,16,1,2,17
VK5,27,16.10.2014,DawaPlus,VK5-S4,VK5-H6,5,1,3,0,3,0,0,0,0,1,4,0,4,1,1,0,1,0,0,0,VK5,27,16.10.2014,DawaPlus,VK5-S4,VK5-H6,0,0,0,0,0,2,1,7,1,0,0,7,1,3,8,0,8,9,2,4,11
VK5,28,17.10.2014,DawaPlus,VK5-S3,VK5-H6,5,3,11,0,11,6,0,0,0,0,5,0,5,2,0,0,0,0,5,0,VK5,28,17.10.2014,DawaPlus,VK5-S3,VK5-H6,5,0,0,0,0,3,8,21,0,0,0,21,0,11,21,0,21,24,8,20,32
VK5,29,18.10.2014,DawaPlus,VK5-S2,VK5-H6,5,0,0,0,0,0,0,0,0,0,1,0,1,0,0,0,0,0,2,0,VK5,29,18.10.2014,DawaPlus,VK5-S2,VK5-H6,2,0,0,0,0,0,0,3,0,0,0,3,0,0,3,0,3,3,0,0,3
VK5,30,19.10.2014,DawaPlus,VK5-S1,VK5-H6,5,15,2,0,2,12,0,0,0,4,2,0,2,3,0,0,0,0,11,0,VK5,30,19.10.2014,DawaPlus,VK5-S1,VK5-H6,11,0,0,0,0,19,15,15,0,0,0,15,0,34,15,0,15,34,15,29,49
VK5,31,20.10.2014,DawaPlus,VK5-S5,VK5-H5,6,3,0,0,0,4,1,0,1,0,0,0,0,2,0,0,0,0,5,0,VK5,31,20.10.2014,DawaPlus,VK5-S5,VK5-H5,5,0,0,0,0,3,6,5,1,0,0,5,1,9,6,0,6,8,7,8,15
VK5,32,21.10.2014,DawaPlus,VK5-S4,VK5-H5,6,2,1,0,1,0,0,0,0,1,1,0,1,1,0,0,0,0,1,0,VK5,32,21.10.2014,DawaPlus,VK5-S4,VK5-H5,1,0,0,0,0,3,1,3,0,0,0,3,0,4,3,0,3,6,1,3,7
VK5,33,22.10.2014,DawaPlus,VK5-S3,VK5-H5,6,7,1,0,1,10,0,0,0,1,3,0,3,3,0,0,0,0,7,0,VK5,33,22.10.2014,DawaPlus,VK5-S3,VK5-H5,7,0,0,0,0,8,13,11,0,0,0,11,0,21,11,0,11,19,13,18,32
VK5,34,23.10.2014,DawaPlus,VK5-S2,VK5-H5,6,6,6,0,6,7,1,0,1,0,6,0,6,1,1,0,1,0,0,0,VK5,34,23.10.2014,DawaPlus,VK5-S2,VK5-H5,0,0,0,0,0,6,8,12,2,0,0,12,2,14,14,0,14,18,10,20,28
VK5,35,24.10.2014,DawaPlus,VK5-S1,VK5-H5,6,0,0,0,0,0,0,0,0,0,0,0,0,0,0,0,0,0,0,0,VK5,35,24.10.2014,DawaPlus,VK5-S1,VK5-H5,0,0,0,0,0,0,0,0,0,0,0,0,0,0,0,0,0,0,0,0,0
VK5,36,25.10.2014,DawaPlus,VK5-S6,VK5-H5,6,0,0,0,0,0,0,0,0,0,0,0,0,0,0,0,0,0,0,0,VK5,36,25.10.2014,DawaPlus,VK5-S6,VK5-H5,0,0,0,0,0,0,0,0,0,0,0,0,0,0,0,0,0,0,0,0,0